Station name,Station number,Date,Radiation type,"05-06 LST
(µmoles photons/m2/s•h)","06-07 LST
(µmoles photons/m2/s•h)","07-08 LST
(µmoles photons/m2/s•h)","08-09 LST
(µmoles photons/m2/s•h)","09-10 LST
(µmoles photons/m2/s•h)","10-11 LST
(µmoles photons/m2/s•h)","11-12 LST
(µmoles photons/m2/s•h)","12-13 LST
(µmoles photons/m2/s•h)","13-14 LST
(µmoles photons/m2/s•h)","14-15 LST
(µmoles photons/m2/s•h)","15-16 LST
(µmoles photons/m2/s•h)","16-17 LST
(µmoles photons/m2/s•h)","17-18 LST
(µmoles photons/m2/s•h)","18-19 LST
(µmoles photons/m2/s•h)"
"Haifa, Technion",850,01/01/2014,Global,13.71,27.42,292.48,1046.53,1622.35,2207.31,2225.59,1503.53,927.71,786.04,429.58,95.97,9.14,9.14
"Haifa, Technion",850,02/01/2014,Global,9.14,22.85,278.77,1000.83,1636.06,2134.19,2358.12,2129.62,1764.02,1412.13,690.07,82.26,0,9.14
"Haifa, Technion",850,03/01/2014,Global,9.14,27.42,297.05,895.72,1636.06,2083.92,2202.74,2038.22,1604.07,850.02,584.96,77.69,0,9.14
"Haifa, Technion",850,04/01/2014,Global,9.14,31.99,347.32,850.02,1654.34,1919.4,2371.83,2221.02,2006.23,1320.73,571.25,100.54,4.57,4.57
"Haifa, Technion",850,05/01/2014,Global,9.14,22.85,269.63,1092.23,1768.59,2239.3,2380.97,2230.16,1937.68,1192.77,488.99,77.69,4.57,18.28
"Haifa, Technion",850,06/01/2014,Global,9.14,22.85,283.34,1055.67,1741.17,2202.74,2412.96,2326.13,1969.67,1371,539.26,86.83,4.57,4.57
"Haifa, Technion",850,07/01/2014,Global,9.14,22.85,255.92,868.3,1476.11,2147.9,1974.24,1809.72,1695.47,1704.61,470.71,132.53,0,4.57
"Haifa, Technion",850,08/01/2014,Global,4.57,22.85,251.35,1201.91,1910.26,2390.11,2614.04,2531.78,2184.46,1590.36,607.81,73.12,0,4.57
"Haifa, Technion",850,09/01/2014,Global,4.57,18.28,173.66,1078.52,977.98,1073.95,1681.76,1320.73,1055.67,1110.51,630.66,100.54,9.14,9.14
"Haifa, Technion",850,10/01/2014,Global,13.71,18.28,127.96,347.32,530.12,329.04,1261.32,1270.46,1339.01,1023.68,237.64,118.82,9.14,9.14
"Haifa, Technion",850,11/01/2014,Global,4.57,27.42,173.66,845.45,1709.18,2216.45,2339.84,2376.4,1654.34,1530.95,639.8,95.97,4.57,13.71
"Haifa, Technion",850,12/01/2014,Global,9.14,31.99,155.38,502.7,1014.54,818.03,374.74,589.53,653.51,539.26,251.35,50.27,13.71,13.71
"Haifa, Technion",850,13/01/2014,Global,9.14,27.42,205.65,854.59,1046.53,1700.04,1544.66,1562.94,1668.05,891.15,648.94,114.25,0,9.14
"Haifa, Technion",850,14/01/2014,Global,9.14,27.42,269.63,562.11,1489.82,2312.42,2093.06,863.73,813.46,744.91,470.71,141.67,9.14,9.14
"Haifa, Technion",850,15/01/2014,Global,13.71,22.85,301.62,1115.08,1823.43,2339.84,2595.76,2540.92,2170.75,1526.38,571.25,137.1,4.57,4.57
"Haifa, Technion",850,16/01/2014,Global,9.14,27.42,329.04,977.98,1649.77,2353.55,2595.76,2545.49,2225.59,1649.77,767.76,95.97,9.14,9.14
"Haifa, Technion",850,17/01/2014,Global,9.14,27.42,214.79,1073.95,1823.43,2189.03,2540.92,2527.21,2184.46,1576.65,731.2,123.39,0,4.57
"Haifa, Technion",850,18/01/2014,Global,9.14,27.42,269.63,1046.53,1814.29,2348.98,2591.19,2536.35,2207.31,1626.92,781.47,100.54,0,9.14
"Haifa, Technion",850,19/01/2014,Global,13.71,31.99,223.93,1407.56,1252.18,1800.58,1471.54,1448.69,1485.25,1028.25,863.73,91.4,4.57,9.14
"Haifa, Technion",850,20/01/2014,Global,9.14,22.85,315.33,1014.54,1901.12,2390.11,2687.16,2655.17,2216.45,1668.05,863.73,118.82,4.57,4.57
"Haifa, Technion",850,21/01/2014,Global,9.14,22.85,319.9,1055.67,1791.44,2271.29,2344.41,2550.06,2189.03,1567.51,767.76,109.68,4.57,4.57
"Haifa, Technion",850,22/01/2014,Global,9.14,27.42,347.32,1192.77,1878.27,2303.28,2138.76,2189.03,2170.75,1613.21,562.11,182.8,4.57,4.57
"Haifa, Technion",850,23/01/2014,Global,9.14,27.42,361.03,1005.4,1809.72,1722.89,1594.93,1128.79,1307.02,1302.45,923.14,137.1,9.14,13.71
"Haifa, Technion",850,24/01/2014,Global,9.14,22.85,388.45,1288.74,2033.65,2586.62,2897.38,2783.13,2380.97,1265.89,749.48,114.25,4.57,4.57
"Haifa, Technion",850,25/01/2014,Global,9.14,31.99,365.6,1439.55,1745.74,2019.94,1535.52,2860.82,2184.46,1101.37,479.85,137.1,9.14,18.28
"Haifa, Technion",850,26/01/2014,Global,4.57,59.41,242.21,525.55,406.73,484.42,1119.65,1265.89,891.15,552.97,365.6,59.41,13.71,13.71
"Haifa, Technion",850,27/01/2014,Global,9.14,50.27,589.53,694.64,968.84,1078.52,1307.02,1398.42,1599.5,1000.83,891.15,155.38,9.14,4.57
"Haifa, Technion",850,28/01/2014,Global,18.28,27.42,86.83,242.21,493.56,717.49,717.49,694.64,827.17,516.41,274.2,155.38,22.85,18.28
"Haifa, Technion",850,29/01/2014,Global,4.57,31.99,393.02,1270.46,2006.23,2568.34,2746.57,2682.59,2412.96,1850.85,1092.23,178.23,9.14,0
"Haifa, Technion",850,30/01/2014,Global,9.14,36.56,425.01,1211.05,1923.97,2294.14,2435.81,2979.64,466.14,699.21,703.78,251.35,4.57,4.57
"Haifa, Technion",850,31/01/2014,Global,9.14,31.99,429.58,1343.58,2056.5,2312.42,2810.55,1841.71,1745.74,2010.8,1014.54,201.08,9.14,9.14
"Haifa, Technion",850,01/02/2014,Global,9.14,36.56,470.71,1316.16,1933.11,2586.62,2883.67,2732.86,2038.22,1677.19,607.81,260.49,9.14,4.57
"Haifa, Technion",850,02/02/2014,Global,13.71,27.42,383.88,580.39,580.39,717.49,749.48,534.69,877.44,680.93,297.05,73.12,13.71,9.14
"Haifa, Technion",850,03/02/2014,Global,13.71,36.56,278.77,648.94,1105.94,1064.81,744.91,786.04,1444.12,2047.36,1147.07,265.06,13.71,4.57
"Haifa, Technion",850,04/02/2014,Global,9.14,41.13,361.03,763.19,1320.73,1859.99,1914.83,1147.07,1320.73,1064.81,1055.67,329.04,18.28,4.57
"Haifa, Technion",850,05/02/2014,Global,4.57,36.56,438.72,1430.41,2161.61,2728.29,3016.2,2979.64,2650.6,2006.23,1192.77,260.49,9.14,4.57
"Haifa, Technion",850,06/02/2014,Global,9.14,36.56,484.42,1389.28,1466.97,2614.04,2947.65,2065.64,2655.17,1928.54,1169.92,260.49,9.14,4.57
"Haifa, Technion",850,07/02/2014,Global,9.14,45.7,511.84,1357.29,2120.48,2851.68,2805.98,2719.15,2595.76,1275.03,804.32,310.76,18.28,9.14
"Haifa, Technion",850,08/02/2014,Global,9.14,45.7,511.84,1398.42,2179.89,2746.57,2993.35,2943.08,2604.9,1997.09,1197.34,306.19,18.28,4.57
"Haifa, Technion",850,09/02/2014,Global,4.57,41.13,548.4,1498.96,2289.57,2888.24,3185.29,3135.02,2773.99,2157.04,1302.45,329.04,13.71,0
"Haifa, Technion",850,10/02/2014,Global,9.14,50.27,566.68,1535.52,2280.43,2824.26,3052.76,3098.46,2618.61,2120.48,1288.74,342.75,13.71,4.57
"Haifa, Technion",850,11/02/2014,Global,9.14,50.27,603.24,1494.39,2253.01,2851.68,2673.45,2965.93,2751.14,2134.19,1325.3,301.62,27.42,9.14
"Haifa, Technion",850,12/02/2014,Global,9.14,54.84,571.25,1549.23,2326.13,2915.66,3199,3162.44,2819.69,2211.88,1384.71,370.17,13.71,0
"Haifa, Technion",850,13/02/2014,Global,0,45.7,612.38,1626.92,2417.53,2984.21,3253.84,3208.14,2837.97,2207.31,1371,374.74,13.71,0
"Haifa, Technion",850,14/02/2014,Global,4.57,63.98,594.1,1558.37,2015.37,2559.2,3098.46,2687.16,2330.7,1914.83,552.97,205.65,22.85,13.71
"Haifa, Technion",850,15/02/2014,Global,18.28,77.69,772.33,758.62,1425.84,1613.21,1124.22,1229.33,1261.32,1078.52,680.93,201.08,22.85,18.28
"Haifa, Technion",850,16/02/2014,Global,18.28,141.67,402.16,461.57,968.84,2157.04,3025.34,2554.63,1828,1110.51,868.3,498.13,41.13,9.14
"Haifa, Technion",850,17/02/2014,Global,9.14,82.26,767.76,1434.98,1768.59,2426.67,3290.4,2874.53,2869.96,2161.61,1092.23,223.93,31.99,4.57
"Haifa, Technion",850,18/02/2014,Global,9.14,77.69,795.18,1823.43,2522.64,2006.23,2221.02,3167.01,2947.65,2353.55,1512.67,502.7,27.42,0
"Haifa, Technion",850,19/02/2014,Global,9.14,73.12,717.49,1695.47,2481.51,3039.05,3285.83,3253.84,2892.81,2271.29,1448.69,484.42,27.42,4.57
"Haifa, Technion",850,20/02/2014,Global,4.57,73.12,799.75,1786.87,2609.47,3185.29,3427.5,3349.81,2929.37,2294.14,1480.68,502.7,27.42,0
"Haifa, Technion",850,21/02/2014,Global,9.14,86.83,822.6,1713.75,2426.67,3002.49,3125.88,3080.18,2751.14,2074.78,1279.6,406.73,41.13,4.57
"Haifa, Technion",850,22/02/2014,Global,9.14,95.97,740.34,1649.77,2422.1,2984.21,3240.13,3084.75,2358.12,1444.12,1430.41,507.27,45.7,9.14
"Haifa, Technion",850,23/02/2014,Global,9.14,100.54,731.2,1636.06,2394.68,2513.5,2956.79,2947.65,2682.59,2047.36,1316.16,488.99,50.27,0
"Haifa, Technion",850,24/02/2014,Global,9.14,118.82,717.49,1594.93,2422.1,2993.35,3139.59,3189.86,2362.69,872.87,607.81,274.2,45.7,9.14
"Haifa, Technion",850,25/02/2014,Global,13.71,155.38,635.23,1334.44,1901.12,1873.7,1727.46,2550.06,2760.28,1604.07,877.44,507.27,22.85,9.14
"Haifa, Technion",850,26/02/2014,Global,13.71,100.54,754.05,1471.54,1997.09,2394.68,2691.73,3550.89,3002.49,2010.8,1380.14,479.85,45.7,0
"Haifa, Technion",850,27/02/2014,Global,9.14,155.38,900.29,1928.54,2221.02,2129.62,2321.56,1718.32,2316.99,1613.21,1348.15,598.67,50.27,4.57
"Haifa, Technion",850,28/02/2014,Global,9.14,141.67,941.42,2006.23,1211.05,1878.27,1526.38,2636.89,3221.85,2472.37,1334.44,388.45,59.41,4.57
"Haifa, Technion",850,01/03/2014,Global,13.71,187.37,795.18,1869.13,2559.2,2924.8,3592.02,3541.75,3148.73,2175.32,1553.8,653.51,31.99,13.71
"Haifa, Technion",850,02/03/2014,Global,9.14,95.97,763.19,530.12,955.13,1297.88,1649.77,2061.07,1471.54,758.62,461.57,251.35,41.13,4.57
"Haifa, Technion",850,03/03/2014,Global,9.14,155.38,786.04,1549.23,2545.49,3148.73,3167.01,2833.4,2399.25,1745.74,1046.53,406.73,45.7,9.14
"Haifa, Technion",850,04/03/2014,Global,9.14,159.95,781.47,1517.24,2312.42,2901.95,3217.28,2783.13,2632.32,2230.16,1494.39,626.09,59.41,0
"Haifa, Technion",850,05/03/2014,Global,9.14,196.51,1009.97,1923.97,2769.42,3317.82,3573.74,3509.76,3080.18,2376.4,1562.94,648.94,63.98,0
"Haifa, Technion",850,06/03/2014,Global,9.14,169.09,904.86,1869.13,2559.2,3061.9,3267.55,3272.12,2920.23,2266.72,1434.98,584.96,68.55,0
"Haifa, Technion",850,07/03/2014,Global,9.14,201.08,895.72,1855.42,2691.73,3253.84,3486.91,3459.49,3084.75,2344.41,1215.62,365.6,73.12,9.14
"Haifa, Technion",850,08/03/2014,Global,9.14,242.21,571.25,1028.25,1078.52,1192.77,1476.11,671.79,2298.71,2184.46,1444.12,630.66,95.97,4.57
"Haifa, Technion",850,09/03/2014,Global,13.71,22.85,379.31,1530.95,2518.07,2568.34,3628.58,2837.97,1485.25,397.59,86.83,59.41,22.85,18.28
"Haifa, Technion",850,10/03/2014,Global,18.28,178.23,1087.66,2079.35,2275.86,1590.36,3505.19,3624.01,2993.35,2138.76,653.51,717.49,100.54,9.14
"Haifa, Technion",850,11/03/2014,Global,13.71,310.76,781.47,1398.42,2184.46,1910.26,3061.9,3244.7,3235.56,2545.49,1855.42,616.95,54.84,9.14
"Haifa, Technion",850,12/03/2014,Global,22.85,73.12,516.41,1439.55,1311.59,2527.21,2476.94,2874.53,2431.24,767.76,630.66,562.11,59.41,4.57
"Haifa, Technion",850,13/03/2014,Global,9.14,251.35,854.59,516.41,1019.11,1402.99,2093.06,3167.01,2042.79,1430.41,781.47,292.48,73.12,4.57
"Haifa, Technion",850,14/03/2014,Global,4.57,91.4,324.47,1613.21,2856.25,2486.08,2394.68,1480.68,1133.36,2170.75,1037.39,333.61,123.39,4.57
"Haifa, Technion",850,15/03/2014,Global,9.14,132.53,712.92,1078.52,1654.34,2225.59,2083.92,2166.18,2353.55,2673.45,1425.84,945.99,105.11,0
"Haifa, Technion",850,16/03/2014,Global,9.14,351.89,1188.2,2015.37,2810.55,3345.24,3491.48,3381.8,3061.9,2294.14,1165.35,415.87,73.12,0
"Haifa, Technion",850,17/03/2014,Global,4.57,127.96,461.57,955.13,1828,941.42,945.99,1055.67,520.98,557.54,205.65,77.69,18.28,0
"Haifa, Technion",850,18/03/2014,Global,9.14,169.09,1005.4,1599.5,2138.76,2796.84,3377.23,2787.7,2952.22,2038.22,1224.76,516.41,100.54,0
"Haifa, Technion",850,19/03/2014,Global,9.14,338.18,1160.78,2129.62,2947.65,3509.76,3774.82,3729.12,3304.11,2641.46,1576.65,484.42,105.11,0
"Haifa, Technion",850,20/03/2014,Global,13.71,356.46,1201.91,2111.34,2920.23,3500.62,3738.26,3706.27,3345.24,2678.02,1823.43,850.02,123.39,0
"Haifa, Technion",850,21/03/2014,Global,13.71,383.88,1462.4,2344.41,3267.55,3738.26,4071.87,4044.45,3619.44,2897.38,1983.38,991.69,178.23,0
"Haifa, Technion",850,22/03/2014,Global,13.71,429.58,1434.98,2371.83,3208.14,3756.54,4017.03,3907.35,3496.05,2819.69,1919.4,914,127.96,0
"Haifa, Technion",850,23/03/2014,Global,27.42,470.71,1412.13,2339.84,3002.49,3550.89,3962.19,3793.1,1951.39,1243.04,845.45,447.86,86.83,0
"Haifa, Technion",850,24/03/2014,Global,9.14,210.22,630.66,1165.35,1974.24,3144.16,2796.84,3596.59,2321.56,2728.29,1782.3,845.45,141.67,0
"Haifa, Technion",850,25/03/2014,Global,13.71,265.06,575.82,658.08,831.74,1160.78,1951.39,479.85,607.81,1882.84,1631.49,767.76,118.82,0
"Haifa, Technion",850,26/03/2014,Global,18.28,539.26,914,2024.51,3235.56,3843.37,4167.84,4076.44,3665.14,3007.06,2070.21,1041.96,155.38,0
"Haifa, Technion",850,27/03/2014,Global,31.99,447.86,1325.3,2454.09,3285.83,3852.51,4149.56,4067.3,3660.57,3007.06,2093.06,1064.81,173.66,0
"Haifa, Technion",850,28/03/2014,Global,27.42,658.08,1690.9,2664.31,3482.34,4039.88,4250.1,4154.13,3715.41,3025.34,2097.63,1064.81,196.51,0
"Haifa, Technion",850,29/03/2014,Global,36.56,603.24,1567.51,2577.48,3363.52,3934.77,4186.12,4085.58,3610.3,2892.81,1992.52,1000.83,191.94,0
"Haifa, Technion",850,30/03/2014,Global,27.42,443.29,973.41,1709.18,1905.69,3326.96,3230.99,2019.94,2289.57,2463.23,1553.8,1307.02,260.49,0
"Haifa, Technion",850,31/03/2014,Global,45.7,690.07,1677.19,2673.45,3491.48,4039.88,4282.09,4149.56,3733.69,3029.91,2111.34,1060.24,196.51,0
"Haifa, Technion",850,01/04/2014,Global,45.7,347.32,1000.83,1846.28,2705.44,3304.11,4208.97,4030.74,3614.87,2920.23,1933.11,1000.83,155.38,0
"Haifa, Technion",850,02/04/2014,Global,41.13,566.68,1457.83,2490.65,3390.94,3971.33,4131.28,4103.86,3706.27,3016.2,2097.63,1023.68,173.66,0
"Haifa, Technion",850,03/04/2014,Global,54.84,630.66,1073.95,2417.53,3418.36,3953.05,4236.39,4236.39,3793.1,2975.07,1782.3,694.64,146.24,0
"Haifa, Technion",850,04/04/2014,Global,68.55,667.22,1521.81,2842.54,2380.97,3729.12,4268.38,4167.84,3701.7,2970.5,1759.45,927.71,187.37,0
"Haifa, Technion",850,05/04/2014,Global,86.83,690.07,1672.62,2623.18,3450.35,4035.31,4286.66,4062.73,3413.79,2970.5,2038.22,1096.8,187.37,0
"Haifa, Technion",850,06/04/2014,Global,68.55,758.62,1636.06,2714.58,3546.32,4053.59,4245.53,4140.42,3656,2970.5,2070.21,1028.25,187.37,0
"Haifa, Technion",850,07/04/2014,Global,105.11,562.11,1663.48,2563.77,3477.77,4071.87,4263.81,4126.71,3665.14,2975.07,1864.56,466.14,141.67,0
"Haifa, Technion",850,08/04/2014,Global,100.54,690.07,1567.51,2600.33,3317.82,3112.17,3962.19,4144.99,3742.83,2970.5,2038.22,1060.24,191.94,0
"Haifa, Technion",850,09/04/2014,Global,109.68,584.96,964.27,1768.59,3427.5,4163.27,4286.66,3921.06,2869.96,1864.56,1334.44,936.85,251.35,0
"Haifa, Technion",850,10/04/2014,Global,45.7,936.85,1457.83,2083.92,2769.42,2824.26,3861.65,3372.66,2691.73,1690.9,1722.89,1137.93,191.94,0
"Haifa, Technion",850,11/04/2014,Global,146.24,868.3,1859.99,2860.82,3692.56,4222.68,4423.76,4323.22,3875.36,2997.92,1983.38,1092.23,178.23,0
"Haifa, Technion",850,12/04/2014,Global,137.1,575.82,1069.38,1521.81,1777.73,2979.64,3957.62,2088.49,1558.37,1677.19,1220.19,530.12,228.5,4.57
"Haifa, Technion",850,13/04/2014,Global,91.4,603.24,1864.56,2678.02,2970.5,4240.96,3733.69,3674.28,3290.4,2298.71,1942.25,1060.24,246.78,0
"Haifa, Technion",850,14/04/2014,Global,164.52,927.71,1914.83,2892.81,3656,4135.85,4428.33,4309.51,3884.5,3144.16,2175.32,1211.05,223.93,4.57
"Haifa, Technion",850,15/04/2014,Global,100.54,274.2,818.03,1357.29,2225.59,2348.98,1987.95,2984.21,1841.71,1032.82,818.03,351.89,196.51,0
"Haifa, Technion",850,16/04/2014,Global,132.53,767.76,1677.19,2655.17,3445.78,4049.02,4396.34,4250.1,3916.49,3139.59,2280.43,1137.93,255.92,0
"Haifa, Technion",850,17/04/2014,Global,132.53,977.98,1969.67,2678.02,3532.61,3889.07,4300.37,4154.13,3770.25,3048.19,2189.03,1105.94,173.66,4.57
"Haifa, Technion",850,18/04/2014,Global,191.94,822.6,1800.58,2906.52,3637.72,4117.57,4336.93,4236.39,3857.08,3084.75,2243.87,1192.77,233.07,0
"Haifa, Technion",850,19/04/2014,Global,150.81,552.97,1818.86,2161.61,3381.8,3710.84,1434.98,3002.49,2783.13,776.9,703.78,319.9,68.55,4.57
"Haifa, Technion",850,20/04/2014,Global,54.84,132.53,1416.7,2216.45,3336.1,3528.04,3697.13,3299.54,2965.93,2943.08,2152.47,1169.92,278.77,9.14
"Haifa, Technion",850,21/04/2014,Global,173.66,918.57,1471.54,2874.53,3852.51,4378.06,4615.7,4428.33,3879.93,2705.44,1837.14,859.16,260.49,4.57
"Haifa, Technion",850,22/04/2014,Global,255.92,740.34,1828,3025.34,3724.55,4144.99,4460.32,4368.92,3911.92,3080.18,2179.89,1064.81,265.06,9.14
"Haifa, Technion",850,23/04/2014,Global,233.07,1128.79,2019.94,2947.65,3473.2,4044.45,4304.94,4144.99,3797.67,3148.73,2262.15,1238.47,278.77,9.14
"Haifa, Technion",850,24/04/2014,Global,251.35,1023.68,2010.8,2847.11,3697.13,4208.97,4204.4,4355.21,3742.83,2714.58,1192.77,420.44,187.37,4.57
"Haifa, Technion",850,25/04/2014,Global,228.5,479.85,1891.98,2627.75,3509.76,3980.47,4492.31,4346.07,3939.34,3226.42,2303.28,1275.03,310.76,4.57
"Haifa, Technion",850,26/04/2014,Global,169.09,781.47,1060.24,1891.98,2339.84,3144.16,4117.57,4323.22,3875.36,2915.66,2312.42,1307.02,278.77,9.14
"Haifa, Technion",850,27/04/2014,Global,237.64,1151.64,2152.47,3121.31,3861.65,4364.35,4556.29,4451.18,4039.88,3322.39,2417.53,1380.14,324.47,9.14
"Haifa, Technion",850,28/04/2014,Global,219.36,1069.38,2047.36,2988.78,3701.7,4250.1,4597.42,4464.89,3994.18,3258.41,2339.84,1320.73,301.62,4.57
"Haifa, Technion",850,29/04/2014,Global,187.37,1188.2,2316.99,3299.54,3761.11,4291.23,4565.43,4460.32,4021.6,3294.97,2358.12,1288.74,329.04,13.71
"Haifa, Technion",850,30/04/2014,Global,310.76,1133.36,2065.64,3020.77,3756.54,4245.53,4492.31,4446.61,4035.31,3331.53,2394.68,1380.14,324.47,9.14
"Haifa, Technion",850,01/05/2014,Global,260.49,1073.95,2024.51,2956.79,3687.99,4122.14,4314.08,4286.66,3902.78,3185.29,2298.71,1320.73,333.61,13.71
"Haifa, Technion",850,02/05/2014,Global,260.49,1014.54,1896.55,2897.38,3866.22,4410.05,4633.98,4611.13,3747.4,2929.37,2019.94,1147.07,379.31,13.71
"Haifa, Technion",850,03/05/2014,Global,219.36,900.29,1896.55,2901.95,3697.13,4131.28,4295.8,4309.51,3943.91,3240.13,2321.56,1329.87,374.74,18.28
"Haifa, Technion",850,04/05/2014,Global,278.77,1105.94,2079.35,3002.49,3719.98,4172.41,4323.22,4309.51,3550.89,2933.94,1873.7,1174.49,237.64,9.14
"Haifa, Technion",850,05/05/2014,Global,292.48,1115.08,1914.83,2038.22,1777.73,1398.42,1713.75,1617.78,1864.56,2088.49,968.84,379.31,173.66,13.71
"Haifa, Technion",850,06/05/2014,Global,68.55,196.51,242.21,580.39,763.19,1037.39,2225.59,1430.41,2696.3,1421.27,594.1,580.39,520.98,22.85
"Haifa, Technion",850,07/05/2014,Global,283.34,1009.97,1910.26,2920.23,2924.8,3441.21,3025.34,3262.98,3363.52,2842.54,1690.9,626.09,223.93,13.71
"Haifa, Technion",850,08/05/2014,Global,27.42,105.11,191.94,182.8,283.34,726.63,2723.72,1448.69,2380.97,1562.94,1462.4,703.78,260.49,36.56
"Haifa, Technion",850,09/05/2014,Global,347.32,1238.47,2321.56,2586.62,2819.69,4382.63,4144.99,3308.68,4044.45,2970.5,2157.04,1325.3,411.3,18.28
"Haifa, Technion",850,10/05/2014,Global,356.46,1220.19,2193.6,3135.02,2956.79,4528.87,4611.13,4501.45,4039.88,3290.4,2326.13,1133.36,361.03,18.28
"Haifa, Technion",850,11/05/2014,Global,269.63,845.45,1398.42,2289.57,2385.54,3418.36,3569.17,4263.81,4003.32,3276.69,2079.35,836.31,498.13,31.99
"Haifa, Technion",850,12/05/2014,Global,169.09,1179.06,1233.9,2225.59,3971.33,4378.06,4574.57,4533.44,3436.64,2883.67,1782.3,1037.39,406.73,31.99
"Haifa, Technion",850,13/05/2014,Global,246.78,1270.46,2380.97,2435.81,3441.21,3875.36,4300.37,3962.19,3573.74,3016.2,1604.07,827.17,329.04,31.99
"Haifa, Technion",850,14/05/2014,Global,415.87,1293.31,2303.28,3262.98,4021.6,4519.73,4702.53,4560.86,4135.85,3486.91,2591.19,1398.42,351.89,27.42
"Haifa, Technion",850,15/05/2014,Global,530.12,1457.83,2326.13,3189.86,3811.38,4428.33,4592.85,4359.78,4030.74,3358.95,2550.06,1494.39,379.31,27.42
"Haifa, Technion",850,16/05/2014,Global,438.72,1211.05,2225.59,3162.44,3825.09,4346.07,4213.54,4382.63,3966.76,3294.97,2417.53,1389.28,466.14,31.99
"Haifa, Technion",850,17/05/2014,Global,246.78,845.45,2024.51,3103.03,3857.08,4364.35,4570,4432.9,3966.76,3304.11,2431.24,1384.71,470.71,36.56
"Haifa, Technion",850,18/05/2014,Global,315.33,1028.25,2417.53,3212.71,4035.31,4638.55,4501.45,3317.82,3514.33,2897.38,1914.83,1160.78,511.84,36.56
"Haifa, Technion",850,19/05/2014,Global,347.32,1320.73,1732.03,2527.21,3459.49,4455.75,4647.69,4245.53,2901.95,2019.94,2175.32,1032.82,356.46,36.56
"Haifa, Technion",850,20/05/2014,Global,425.01,1307.02,2216.45,2842.54,3838.8,4268.38,4515.16,4373.49,3962.19,3199,2093.06,1270.46,434.15,36.56
"Haifa, Technion",850,21/05/2014,Global,347.32,1051.1,1951.39,2965.93,3660.57,4186.12,4286.66,3285.83,2522.64,1434.98,1658.91,1151.64,425.01,27.42
"Haifa, Technion",850,22/05/2014,Global,429.58,1329.87,2230.16,2883.67,3889.07,4432.9,4620.27,4496.88,4071.87,3372.66,2449.52,1430.41,502.7,41.13
"Haifa, Technion",850,23/05/2014,Global,342.75,1183.63,2179.89,2339.84,3843.37,4391.77,4579.14,4451.18,4039.88,3381.8,2476.94,1466.97,516.41,41.13
"Haifa, Technion",850,24/05/2014,Global,356.46,1064.81,2307.85,3267.55,4012.46,4496.88,4684.25,4528.87,4140.42,3482.34,2577.48,1530.95,539.26,36.56
"Haifa, Technion",850,25/05/2014,Global,621.52,1252.18,1923.97,2604.9,3633.15,4524.3,4720.81,4570,4167.84,3491.48,2390.11,1320.73,548.4,36.56
"Haifa, Technion",850,26/05/2014,Global,461.57,1101.37,2376.4,3249.27,3975.9,4442.04,4643.12,4538.01,4140.42,3486.91,2577.48,1398.42,319.9,45.7
"Haifa, Technion",850,27/05/2014,Global,452.43,1265.89,2207.31,3071.04,3724.55,4158.7,4350.64,4300.37,3934.77,3294.97,2358.12,1261.32,562.11,45.7
"Haifa, Technion",850,28/05/2014,Global,415.87,1229.33,2157.04,2997.92,3751.97,4227.25,4336.93,4103.86,3459.49,2856.25,2225.59,1384.71,438.72,36.56
"Haifa, Technion",850,29/05/2014,Global,406.73,1041.96,1896.55,2801.41,3596.59,3468.63,4208.97,3669.71,3258.41,2906.52,2019.94,1041.96,584.96,68.55
"Haifa, Technion",850,30/05/2014,Global,484.42,1357.29,2307.85,3171.58,3875.36,4291.23,4469.46,4373.49,3994.18,3326.96,2426.67,1421.27,548.4,50.27
"Haifa, Technion",850,31/05/2014,Global,370.17,900.29,1887.41,2920.23,2093.06,2143.33,2097.63,2545.49,2888.24,1617.78,1339.01,936.85,516.41,68.55
"Haifa, Technion",850,01/06/2014,Global,516.41,1183.63,2038.22,2189.03,3262.98,4346.07,3669.71,3879.93,2892.81,2568.34,2042.79,959.7,580.39,63.98
"Haifa, Technion",850,02/06/2014,Global,484.42,1549.23,2065.64,1837.14,2746.57,3537.18,4049.02,2943.08,3176.15,2970.5,1677.19,1316.16,488.99,68.55
"Haifa, Technion",850,03/06/2014,Global,479.85,1092.23,1686.33,2792.27,3199,4240.96,4378.06,4268.38,3911.92,3107.6,1663.48,1224.76,365.6,50.27
"Haifa, Technion",850,04/06/2014,Global,269.63,831.74,1686.33,2632.32,3349.81,3902.78,4081.01,3943.91,3569.17,2970.5,2125.05,1247.61,493.56,59.41
"Haifa, Technion",850,05/06/2014,Global,63.98,132.53,223.93,1060.24,831.74,1325.3,2289.57,2024.51,2326.13,2111.34,1928.54,1078.52,361.03,63.98
"Haifa, Technion",850,06/06/2014,Global,356.46,1380.14,2344.41,3368.09,2847.11,4359.78,4643.12,3701.7,3071.04,2568.34,1878.27,1014.54,415.87,68.55
"Haifa, Technion",850,07/06/2014,Global,484.42,1562.94,2280.43,3121.31,4113,4524.3,4697.96,4556.29,4240.96,3514.33,2472.37,1480.68,466.14,82.26
"Haifa, Technion",850,08/06/2014,Global,493.56,1211.05,1197.34,1869.13,2065.64,4506.02,4542.58,4469.46,4176.98,3482.34,2440.38,1425.84,479.85,77.69
"Haifa, Technion",850,09/06/2014,Global,434.15,1434.98,2408.39,3208.14,3948.48,4460.32,4643.12,4583.71,4071.87,3061.9,1901.12,1677.19,626.09,95.97
"Haifa, Technion",850,10/06/2014,Global,265.06,1147.07,2367.26,3203.57,3980.47,4565.43,4848.77,4364.35,4103.86,2856.25,1951.39,1494.39,452.43,63.98
"Haifa, Technion",850,11/06/2014,Global,415.87,1142.5,1850.85,2627.75,2024.51,2975.07,3916.49,3244.7,3002.49,2577.48,1960.53,977.98,365.6,63.98
"Haifa, Technion",850,12/06/2014,Global,479.85,1092.23,2257.58,2801.41,2499.79,3674.28,3546.32,3080.18,2513.5,2394.68,1412.13,1037.39,402.16,73.12
"Haifa, Technion",850,13/06/2014,Global,402.16,1279.6,2362.69,3262.98,3934.77,4451.18,4684.25,4570,4163.27,3523.47,2595.76,1530.95,621.52,82.26
"Haifa, Technion",850,14/06/2014,Global,438.72,1293.31,2303.28,3162.44,3962.19,4487.74,4661.4,4487.74,4140.42,3518.9,2623.18,1562.94,580.39,86.83
"Haifa, Technion",850,15/06/2014,Global,447.86,1224.76,2380.97,3276.69,4017.03,4524.3,4757.37,4629.41,4250.1,3614.87,2723.72,1631.49,690.07,91.4
"Haifa, Technion",850,16/06/2014,Global,488.99,1288.74,2257.58,3153.3,3852.51,4286.66,4483.17,4414.62,4026.17,3390.94,2568.34,1508.1,635.23,86.83
"Haifa, Technion",850,17/06/2014,Global,475.28,1325.3,2271.29,3171.58,3902.78,4419.19,4638.55,4524.3,4181.55,3555.46,2682.59,1585.79,680.93,91.4
"Haifa, Technion",850,18/06/2014,Global,502.7,1398.42,2348.98,3244.7,3980.47,4469.46,4702.53,4606.56,4195.26,3550.89,2650.6,1581.22,694.64,114.25
"Haifa, Technion",850,19/06/2014,Global,466.14,1329.87,2266.72,3130.45,3847.94,4341.5,4560.86,4428.33,4026.17,3395.51,2536.35,1526.38,671.79,114.25
"Haifa, Technion",850,20/06/2014,Global,434.15,1206.48,2170.75,3043.62,3770.25,4240.96,4400.91,4350.64,4030.74,3395.51,2522.64,1508.1,653.51,100.54
"Haifa, Technion",850,21/06/2014,Global,438.72,1348.15,2275.86,3153.3,4058.16,4460.32,4547.15,3962.19,3761.11,2924.8,2303.28,955.13,429.58,95.97
"Haifa, Technion",850,22/06/2014,Global,287.91,575.82,2380.97,2006.23,3866.22,4423.76,4743.66,4633.98,4240.96,3596.59,2678.02,1288.74,616.95,91.4
"Haifa, Technion",850,23/06/2014,Global,319.9,1037.39,2417.53,3249.27,3971.33,4455.75,4675.11,4442.04,4195.26,3427.5,2490.65,1206.48,584.96,95.97
"Haifa, Technion",850,24/06/2014,Global,507.27,1398.42,2353.55,3258.41,3985.04,4492.31,4720.81,4629.41,4263.81,3628.58,2728.29,1535.52,461.57,91.4
"Haifa, Technion",850,25/06/2014,Global,530.12,1439.55,2399.25,3281.26,4012.46,4533.44,4761.94,4652.26,4268.38,3642.29,2723.72,1636.06,703.78,109.68
"Haifa, Technion",850,26/06/2014,Global,502.7,1375.57,2367.26,3230.99,3980.47,4506.02,4766.51,4638.55,4250.1,3628.58,2760.28,1640.63,717.49,109.68
"Haifa, Technion",850,27/06/2014,Global,443.29,1256.75,2193.6,3066.47,3756.54,4245.53,4464.89,4359.78,3989.61,3372.66,2531.78,1494.39,648.94,109.68
"Haifa, Technion",850,28/06/2014,Global,438.72,1261.32,2179.89,3043.62,3738.26,4231.82,4492.31,4387.2,4021.6,3473.2,2586.62,1549.23,676.36,95.97
"Haifa, Technion",850,29/06/2014,Global,438.72,1265.89,2184.46,3075.61,3788.53,4300.37,4574.57,4464.89,4103.86,3477.77,2600.33,1540.09,662.65,95.97
"Haifa, Technion",850,30/06/2014,Global,466.14,1192.77,2339.84,3180.72,3879.93,4396.34,4638.55,4601.99,4231.82,3541.75,2632.32,1526.38,690.07,114.25
"Haifa, Technion",850,01/07/2014,Global,246.78,982.55,1901.12,3171.58,4012.46,4519.73,4748.23,4652.26,4272.95,3628.58,2732.86,1562.94,653.51,105.11
"Haifa, Technion",850,02/07/2014,Global,388.45,1224.76,2179.89,3153.3,3916.49,4419.19,4643.12,4606.56,4236.39,3582.88,2696.3,1613.21,722.06,118.82
"Haifa, Technion",850,03/07/2014,Global,457,1343.58,2289.57,3171.58,3875.36,4382.63,4611.13,4601.99,3861.65,3244.7,2618.61,1562.94,685.5,82.26
"Haifa, Technion",850,04/07/2014,Global,443.29,1343.58,2216.45,3167.01,3889.07,4391.77,4327.79,4588.28,4227.25,3587.45,2678.02,1617.78,699.21,109.68
"Haifa, Technion",850,05/07/2014,Global,178.23,479.85,2042.79,3349.81,4231.82,4688.82,4894.47,4780.22,4231.82,3656,2627.75,1508.1,562.11,86.83
"Haifa, Technion",850,06/07/2014,Global,425.01,1083.09,1800.58,2696.3,3989.61,4483.17,4633.98,4432.9,3788.53,3020.77,2577.48,1517.24,548.4,100.54
"Haifa, Technion",850,07/07/2014,Global,374.74,1243.04,2193.6,3084.75,3861.65,4400.91,4647.69,4583.71,4167.84,3569.17,2678.02,1594.93,703.78,77.69
"Haifa, Technion",850,08/07/2014,Global,425.01,1297.88,2239.3,3153.3,3907.35,4423.76,4656.83,4556.29,4181.55,3486.91,2559.2,1352.72,680.93,77.69
"Haifa, Technion",850,09/07/2014,Global,415.87,1288.74,2243.87,3116.74,3870.79,4400.91,4638.55,4528.87,4122.14,3496.05,2646.03,1558.37,694.64,100.54
"Haifa, Technion",850,10/07/2014,Global,383.88,1211.05,2170.75,3016.2,3751.97,4350.64,4579.14,4506.02,4113,3514.33,2641.46,1585.79,722.06,91.4
"Haifa, Technion",850,11/07/2014,Global,315.33,1101.37,2243.87,3167.01,3934.77,4464.89,4711.67,4611.13,4190.69,3518.9,2586.62,1562.94,680.93,77.69
"Haifa, Technion",850,12/07/2014,Global,324.47,1064.81,2006.23,2975.07,3697.13,4172.41,4396.34,4336.93,3925.63,3317.82,2495.22,1498.96,644.37,95.97
"Haifa, Technion",850,13/07/2014,Global,388.45,1064.81,1791.44,2842.54,3788.53,4378.06,4400.91,4565.43,4222.68,3135.02,2326.13,1713.75,571.25,73.12
"Haifa, Technion",850,14/07/2014,Global,388.45,1293.31,1955.96,2746.57,3496.05,4067.3,4026.17,3354.38,3267.55,2623.18,1846.28,982.55,498.13,95.97
"Haifa, Technion",850,15/07/2014,Global,292.48,1019.11,1873.7,3212.71,3925.63,4391.77,4707.1,4624.84,3441.21,2271.29,1594.93,936.85,434.15,73.12
"Haifa, Technion",850,16/07/2014,Global,365.6,1087.66,1878.27,2298.71,3715.41,4437.47,4771.08,4286.66,3313.25,2627.75,1521.81,1147.07,397.59,59.41
"Haifa, Technion",850,17/07/2014,Global,370.17,1183.63,1508.1,2865.39,3765.68,4428.33,4611.13,4551.72,3907.35,3368.09,2705.44,1617.78,580.39,68.55
"Haifa, Technion",850,18/07/2014,Global,379.31,964.27,2198.17,2623.18,3098.46,3240.13,4368.92,2933.94,2499.79,2143.33,1864.56,1179.06,557.54,73.12
"Haifa, Technion",850,19/07/2014,Global,319.9,1069.38,2166.18,2472.37,2847.11,3322.39,3107.6,3349.81,2842.54,2157.04,1809.72,1320.73,607.81,73.12
"Haifa, Technion",850,20/07/2014,Global,434.15,1412.13,2243.87,2458.66,3304.11,3313.25,4204.4,3806.81,3729.12,2563.77,1910.26,1174.49,507.27,77.69
"Haifa, Technion",850,21/07/2014,Global,365.6,973.41,1581.22,2440.38,3651.43,3921.06,4291.23,3898.21,3308.68,2801.41,1558.37,900.29,370.17,63.98
"Haifa, Technion",850,22/07/2014,Global,297.05,804.32,1407.56,2961.36,3710.84,4259.24,4547.15,4364.35,3578.31,3281.26,2362.69,1371,530.12,59.41
"Haifa, Technion",850,23/07/2014,Global,283.34,1119.65,2147.9,3029.91,3779.39,4295.8,4556.29,4487.74,4126.71,3486.91,2646.03,1567.51,626.09,54.84
"Haifa, Technion",850,24/07/2014,Global,342.75,1201.91,2179.89,3071.04,3825.09,4382.63,4652.26,4570,4199.83,3582.88,2691.73,1421.27,488.99,63.98
"Haifa, Technion",850,25/07/2014,Global,388.45,1348.15,1978.81,2965.93,3482.34,3806.81,3957.62,4341.5,3884.5,2732.86,2321.56,1252.18,452.43,63.98
"Haifa, Technion",850,26/07/2014,Global,292.48,1183.63,1942.25,1946.82,3404.65,4176.98,4647.69,4455.75,3829.66,2668.88,2211.88,1133.36,520.98,68.55
"Haifa, Technion",850,27/07/2014,Global,292.48,941.42,1256.75,2179.89,2865.39,3715.41,4574.57,4538.01,4181.55,3217.28,2207.31,1238.47,329.04,63.98
"Haifa, Technion",850,28/07/2014,Global,319.9,1064.81,1540.09,2728.29,2938.51,3628.58,4474.03,4423.76,4099.29,3199,2298.71,1014.54,379.31,50.27
"Haifa, Technion",850,29/07/2014,Global,283.34,1137.93,2120.48,3048.19,3820.52,4346.07,4611.13,4570,4181.55,3532.61,2399.25,1590.36,621.52,50.27
"Haifa, Technion",850,30/07/2014,Global,287.91,1137.93,2120.48,3007.06,3761.11,4304.94,4592.85,4556.29,4208.97,3518.9,2646.03,1512.67,543.83,45.7
"Haifa, Technion",850,31/07/2014,Global,246.78,1133.36,2083.92,3039.05,3815.95,4341.5,4588.28,4510.59,4122.14,3491.48,2454.09,1215.62,457,50.27
"Haifa, Technion",850,01/08/2014,Global,265.06,877.44,1955.96,3020.77,3820.52,4359.78,4620.27,4579.14,4199.83,3518.9,2618.61,1617.78,562.11,36.56
"Haifa, Technion",850,02/08/2014,Global,205.65,735.77,1590.36,2801.41,3756.54,3765.68,4638.55,4414.62,4135.85,3061.9,2211.88,1128.79,429.58,41.13
"Haifa, Technion",850,03/08/2014,Global,233.07,1179.06,1791.44,3121.31,3870.79,4410.05,4140.42,3253.84,2285,2760.28,2403.82,1384.71,452.43,50.27
"Haifa, Technion",850,04/08/2014,Global,242.21,1375.57,2266.72,3093.89,3564.6,3806.81,3797.67,4167.84,3687.99,2961.36,1604.07,1183.63,406.73,41.13
"Haifa, Technion",850,05/08/2014,Global,123.39,630.66,1549.23,2668.88,3441.21,3125.88,3537.18,3066.47,2783.13,2486.08,1626.92,795.18,274.2,36.56
"Haifa, Technion",850,06/08/2014,Global,196.51,671.79,1558.37,2988.78,3774.82,4295.8,4506.02,4451.18,3994.18,3304.11,2262.15,1128.79,347.32,36.56
"Haifa, Technion",850,07/08/2014,Global,173.66,1019.11,1846.28,2787.7,3719.98,4318.65,4597.42,4510.59,4090.15,3404.65,2513.5,1535.52,475.28,27.42
"Haifa, Technion",850,08/08/2014,Global,169.09,987.12,2024.51,3029.91,3779.39,4323.22,4565.43,4478.6,3546.32,2975.07,1732.03,1037.39,393.02,27.42
"Haifa, Technion",850,09/08/2014,Global,219.36,735.77,1997.09,2952.22,3505.19,3998.75,3025.34,3061.9,2641.46,2070.21,2161.61,959.7,406.73,36.56
"Haifa, Technion",850,10/08/2014,Global,205.65,854.59,2166.18,2979.64,3454.92,4250.1,4551.72,4432.9,4021.6,3358.95,2257.58,1110.51,283.34,27.42
"Haifa, Technion",850,11/08/2014,Global,187.37,982.55,1987.95,2892.81,3674.28,4199.83,4442.04,4359.78,3980.47,3313.25,2358.12,1389.28,429.58,22.85
"Haifa, Technion",850,12/08/2014,Global,210.22,1005.4,1974.24,2901.95,3656,4195.26,4446.61,4387.2,4017.03,3336.1,2440.38,1265.89,297.05,22.85
"Haifa, Technion",850,13/08/2014,Global,201.08,982.55,1919.4,2828.83,3601.16,4158.7,4414.62,4341.5,3939.34,3281.26,2371.83,1398.42,397.59,22.85
"Haifa, Technion",850,14/08/2014,Global,196.51,900.29,1841.71,2719.15,3486.91,4049.02,4314.08,4263.81,3870.79,3180.72,2289.57,1288.74,365.6,22.85
"Haifa, Technion",850,15/08/2014,Global,182.8,955.13,1919.4,2824.26,3592.02,4135.85,4387.2,4309.51,3930.2,3285.83,2380.97,1270.46,319.9,18.28
"Haifa, Technion",850,16/08/2014,Global,132.53,973.41,1526.38,2961.36,3715.41,4218.11,4483.17,4387.2,3998.75,3294.97,2412.96,1352.72,374.74,13.71
"Haifa, Technion",850,17/08/2014,Global,141.67,420.44,1115.08,2760.28,3372.66,4044.45,4231.82,4190.69,3802.24,3130.45,2248.44,1261.32,356.46,18.28
"Haifa, Technion",850,18/08/2014,Global,169.09,781.47,1832.57,2796.84,2801.41,2778.56,3687.99,4277.52,3326.96,2824.26,2019.94,1014.54,315.33,13.71
"Haifa, Technion",850,19/08/2014,Global,141.67,772.33,1654.34,2321.56,3628.58,4140.42,4378.06,4291.23,3889.07,3194.43,2253.01,1206.48,342.75,13.71
"Haifa, Technion",850,20/08/2014,Global,182.8,891.15,1590.36,1540.09,3299.54,4035.31,4314.08,4231.82,3834.23,3148.73,2257.58,1293.31,338.18,13.71
"Haifa, Technion",850,21/08/2014,Global,146.24,872.87,1850.85,2837.97,3628.58,4176.98,4387.2,4282.09,3884.5,3258.41,2097.63,1302.45,361.03,13.71
"Haifa, Technion",850,22/08/2014,Global,100.54,845.45,1617.78,2636.89,3582.88,4108.43,4346.07,4081.01,2769.42,2655.17,1613.21,1000.83,251.35,9.14
"Haifa, Technion",850,23/08/2014,Global,141.67,859.16,1859.99,2796.84,3582.88,4144.99,4359.78,4240.96,3834.23,3153.3,2225.59,1238.47,292.48,9.14
"Haifa, Technion",850,24/08/2014,Global,164.52,863.73,1814.29,2719.15,3532.61,4113,4350.64,4263.81,3884.5,3208.14,2316.99,1284.17,287.91,4.57
"Haifa, Technion",850,25/08/2014,Global,150.81,904.86,1841.71,2719.15,3509.76,4076.44,4332.36,4263.81,3866.22,3199,2285,1252.18,274.2,4.57
"Haifa, Technion",850,26/08/2014,Global,100.54,571.25,804.32,1960.53,2920.23,4099.29,4368.92,4309.51,3921.06,3135.02,1677.19,744.91,164.52,9.14
"Haifa, Technion",850,27/08/2014,Global,169.09,781.47,754.05,2353.55,3601.16,4144.99,4391.77,4304.94,3902.78,3208.14,2285,1160.78,242.21,4.57
"Haifa, Technion",850,28/08/2014,Global,137.1,680.93,1869.13,2467.8,2888.24,4176.98,4144.99,3971.33,3614.87,2906.52,2111.34,1137.93,255.92,4.57
"Haifa, Technion",850,29/08/2014,Global,132.53,763.19,1275.03,2024.51,2600.33,4003.32,4218.11,4076.44,3258.41,2294.14,1782.3,772.33,182.8,4.57
"Haifa, Technion",850,30/08/2014,Global,77.69,470.71,1672.62,2609.47,3372.66,3724.55,3395.51,3326.96,3400.08,2339.84,927.71,447.86,178.23,4.57
"Haifa, Technion",850,31/08/2014,Global,27.42,287.91,1028.25,2307.85,3093.89,3546.32,4071.87,3907.35,3029.91,2294.14,1864.56,914,150.81,4.57
"Haifa, Technion",850,01/09/2014,Global,82.26,726.63,1759.45,2705.44,2691.73,3212.71,2262.15,1357.29,1759.45,1434.98,1137.93,507.27,150.81,4.57
"Haifa, Technion",850,02/09/2014,Global,141.67,932.28,1672.62,2568.34,3244.7,3879.93,4259.24,3560.03,3258.41,2719.15,1823.43,863.73,182.8,0
"Haifa, Technion",850,03/09/2014,Global,95.97,712.92,1243.04,2070.21,3537.18,4017.03,4236.39,4140.42,3656,2664.31,1562.94,964.27,155.38,0
"Haifa, Technion",850,04/09/2014,Global,127.96,808.89,1750.31,2655.17,3363.52,3911.92,4131.28,4007.89,3578.31,2856.25,1969.67,982.55,164.52,0
"Haifa, Technion",850,05/09/2014,Global,105.11,836.31,1124.22,2065.64,3281.26,3989.61,4227.25,3875.36,2755.71,2234.73,1828,1019.11,159.95,0
"Haifa, Technion",850,06/09/2014,Global,150.81,301.62,850.02,2207.31,3075.61,4195.26,4272.95,4140.42,3642.29,2646.03,1425.84,667.22,205.65,0
"Haifa, Technion",850,07/09/2014,Global,105.11,799.75,1805.15,2586.62,3587.45,3994.18,4017.03,3975.9,3340.67,2938.51,1713.75,1005.4,164.52,0
"Haifa, Technion",850,08/09/2014,Global,109.68,690.07,1270.46,2801.41,3139.59,3966.76,4163.27,4067.3,3624.01,2856.25,1805.15,945.99,137.1,0
"Haifa, Technion",850,09/09/2014,Global,127.96,795.18,854.59,1882.84,3157.87,3879.93,4113,3985.04,3555.46,2847.11,1928.54,964.27,141.67,0
"Haifa, Technion",850,10/09/2014,Global,123.39,900.29,1946.82,996.26,3135.02,4003.32,4026.17,4035.31,3592.02,2856.25,1896.55,676.36,132.53,0
"Haifa, Technion",850,11/09/2014,Global,86.83,722.06,1256.75,1700.04,2444.95,3624.01,3491.48,3925.63,3436.64,2659.74,1841.71,895.72,114.25,0
"Haifa, Technion",850,12/09/2014,Global,77.69,571.25,1252.18,1613.21,3020.77,3898.21,3989.61,3665.14,3276.69,2390.11,1275.03,648.94,127.96,0
"Haifa, Technion",850,13/09/2014,Global,59.41,685.5,1805.15,2307.85,3345.24,3834.23,4094.72,3939.34,3322.39,2152.47,1526.38,607.81,118.82,0
"Haifa, Technion",850,14/09/2014,Global,73.12,726.63,1371,1613.21,3258.41,3811.38,3710.84,3331.53,3052.76,2198.17,1439.55,626.09,82.26,0
"Haifa, Technion",850,15/09/2014,Global,63.98,685.5,1179.06,2344.41,3258.41,3806.81,4017.03,3889.07,3418.36,2097.63,1275.03,580.39,73.12,0
"Haifa, Technion",850,16/09/2014,Global,59.41,685.5,1361.86,2102.2,2883.67,3738.26,3660.57,3372.66,2691.73,1750.31,1553.8,685.5,95.97,0
"Haifa, Technion",850,17/09/2014,Global,63.98,607.81,1485.25,2390.11,3121.31,3614.87,3719.98,3555.46,3112.17,2431.24,1585.79,658.08,86.83,0
"Haifa, Technion",850,18/09/2014,Global,54.84,694.64,1430.41,2422.1,3326.96,3893.64,3441.21,3080.18,2307.85,2120.48,1498.96,708.35,77.69,0
"Haifa, Technion",850,19/09/2014,Global,45.7,488.99,1188.2,1910.26,3139.59,3834.23,3939.34,3605.73,3199,2047.36,1238.47,516.41,63.98,0
"Haifa, Technion",850,20/09/2014,Global,41.13,580.39,1343.58,2326.13,2911.09,3674.28,3930.2,3157.87,2984.21,1850.85,872.87,699.21,50.27,0
"Haifa, Technion",850,21/09/2014,Global,50.27,223.93,1339.01,1247.61,1608.64,3011.63,3783.96,3729.12,3020.77,2742,1640.63,648.94,77.69,0
"Haifa, Technion",850,22/09/2014,Global,54.84,671.79,1590.36,1942.25,2710.01,2929.37,3642.29,3783.96,2979.64,1585.79,1517.24,612.38,54.84,0
"Haifa, Technion",850,23/09/2014,Global,41.13,575.82,1503.53,2029.08,1955.96,2417.53,3774.82,3665.14,3034.48,2294.14,1275.03,488.99,41.13,0
"Haifa, Technion",850,24/09/2014,Global,45.7,516.41,1224.76,2202.74,2933.94,3432.07,3624.01,3491.48,3039.05,2330.7,1457.83,571.25,50.27,0
"Haifa, Technion",850,25/09/2014,Global,36.56,379.31,1288.74,2298.71,3039.05,3550.89,3911.92,3304.11,2554.63,1540.09,859.16,319.9,41.13,0
"Haifa, Technion",850,26/09/2014,Global,63.98,571.25,1471.54,2125.05,2275.86,3011.63,3002.49,3240.13,2879.1,1923.97,1206.48,479.85,27.42,0
"Haifa, Technion",850,27/09/2014,Global,41.13,516.41,1416.7,2271.29,2956.79,3413.79,3564.6,3450.35,2975.07,2225.59,1339.01,493.56,36.56,0
"Haifa, Technion",850,28/09/2014,Global,27.42,269.63,676.36,1229.33,1937.68,2783.13,2426.67,2650.6,2728.29,1850.85,1503.53,584.96,27.42,0
"Haifa, Technion",850,29/09/2014,Global,27.42,214.79,603.24,1444.12,457,2010.8,2636.89,3112.17,3011.63,1599.5,1517.24,621.52,22.85,0
"Haifa, Technion",850,30/09/2014,Global,27.42,626.09,1732.03,2527.21,2211.88,2431.24,3116.74,2655.17,2892.81,2371.83,1567.51,621.52,36.56,0
"Haifa, Technion",850,01/10/2014,Global,22.85,488.99,1389.28,2243.87,2988.78,3445.78,3564.6,3413.79,2719.15,2316.99,1640.63,269.63,27.42,0
"Haifa, Technion",850,02/10/2014,Global,22.85,461.57,1380.14,2257.58,2888.24,2019.94,2019.94,2266.72,2641.46,1764.02,941.42,196.51,22.85,0
"Haifa, Technion",850,03/10/2014,Global,22.85,484.42,1457.83,2335.27,3221.85,3582.88,3719.98,3523.47,2892.81,2289.57,1416.7,470.71,13.71,0
"Haifa, Technion",850,04/10/2014,Global,22.85,488.99,1466.97,1576.65,2847.11,3596.59,3560.03,3185.29,2888.24,2307.85,1412.13,452.43,9.14,0
"Haifa, Technion",850,05/10/2014,Global,31.99,479.85,1535.52,2353.55,2947.65,3477.77,3637.72,3500.62,3029.91,2271.29,1375.57,425.01,9.14,0
"Haifa, Technion",850,06/10/2014,Global,22.85,461.57,1393.85,2312.42,3039.05,3496.05,3656,3505.19,3043.62,2294.14,1380.14,420.44,9.14,0
"Haifa, Technion",850,07/10/2014,Global,22.85,397.59,1284.17,2285,2993.35,3413.79,3601.16,3418.36,2943.08,2198.17,1307.02,402.16,9.14,0
"Haifa, Technion",850,08/10/2014,Global,22.85,420.44,1384.71,2202.74,2906.52,3354.38,3276.69,2796.84,2193.6,703.78,59.41,287.91,18.28,0
"Haifa, Technion",850,09/10/2014,Global,18.28,397.59,1275.03,1366.43,2102.2,3427.5,3578.31,3427.5,2897.38,2157.04,1256.75,351.89,9.14,0
"Haifa, Technion",850,10/10/2014,Global,13.71,370.17,1220.19,1983.38,2609.47,3217.28,3304.11,2691.73,2275.86,1709.18,1014.54,292.48,4.57,0
"Haifa, Technion",850,11/10/2014,Global,13.71,315.33,685.5,1096.8,2399.25,2518.07,3107.6,2911.09,2426.67,1576.65,708.35,260.49,4.57,4.57
"Haifa, Technion",850,12/10/2014,Global,18.28,324.47,909.43,795.18,1371,2422.1,3614.87,3331.53,2783.13,1837.14,804.32,278.77,4.57,0
"Haifa, Technion",850,13/10/2014,Global,13.71,388.45,1252.18,2143.33,2819.69,3377.23,3432.07,3071.04,2751.14,2001.66,927.71,265.06,4.57,0
"Haifa, Technion",850,14/10/2014,Global,27.42,361.03,1485.25,612.38,1558.37,1636.06,1521.81,2956.79,2161.61,1700.04,740.34,297.05,0,0
"Haifa, Technion",850,15/10/2014,Global,13.71,173.66,790.61,1878.27,2399.25,2412.96,2856.25,1654.34,2577.48,1695.47,1000.83,187.37,4.57,0
"Haifa, Technion",850,16/10/2014,Global,13.71,365.6,1284.17,1329.87,1339.01,3258.41,3217.28,2805.98,2275.86,1681.76,1101.37,191.94,0,4.57
"Haifa, Technion",850,17/10/2014,Global,13.71,338.18,1128.79,1800.58,2019.94,2906.52,2650.6,2490.65,2563.77,1732.03,726.63,155.38,0,0
"Haifa, Technion",850,18/10/2014,Global,9.14,361.03,877.44,1736.6,1567.51,2189.03,2079.35,2294.14,1846.28,1179.06,598.67,173.66,4.57,0
"Haifa, Technion",850,19/10/2014,Global,31.99,251.35,580.39,749.48,2582.05,1951.39,2449.52,1211.05,2216.45,415.87,114.25,82.26,9.14,0
"Haifa, Technion",850,20/10/2014,Global,9.14,420.44,786.04,1722.89,2751.14,2796.84,3066.47,1914.83,1960.53,2038.22,1019.11,187.37,0,0
"Haifa, Technion",850,21/10/2014,Global,9.14,319.9,1215.62,2074.78,2755.71,3148.73,3249.27,3130.45,2627.75,1896.55,1009.97,132.53,0,0
"Haifa, Technion",850,22/10/2014,Global,9.14,278.77,1220.19,2079.35,2760.28,3167.01,3226.42,2143.33,1517.24,895.72,530.12,132.53,0,0
"Haifa, Technion",850,23/10/2014,Global,4.57,265.06,1041.96,1891.98,2166.18,1955.96,1732.03,1288.74,1613.21,1686.33,1009.97,132.53,0,0
"Haifa, Technion",850,24/10/2014,Global,4.57,278.77,1124.22,1946.82,2618.61,3071.04,3098.46,2920.23,2486.08,1777.73,909.43,109.68,0,0
"Haifa, Technion",850,25/10/2014,Global,9.14,260.49,1092.23,1928.54,2600.33,3025.34,3167.01,2938.51,2431.24,1768.59,886.58,114.25,0,0
"Haifa, Technion",850,26/10/2014,Global,4.57,246.78,1083.09,1905.69,2559.2,2975.07,3066.47,2778.56,2257.58,1590.36,776.9,118.82,0,0
"Haifa, Technion",850,27/10/2014,Global,4.57,297.05,1078.52,1965.1,2408.39,2920.23,3039.05,2815.12,2353.55,1636.06,804.32,100.54,0,0
"Haifa, Technion",850,28/10/2014,Global,4.57,159.95,566.68,868.3,1741.17,2742,2810.55,2508.93,2106.77,868.3,539.26,155.38,0,0
"Haifa, Technion",850,29/10/2014,Global,4.57,219.36,1014.54,1809.72,2595.76,2769.42,2943.08,2764.85,2362.69,1302.45,671.79,86.83,0,0
"Haifa, Technion",850,30/10/2014,Global,4.57,159.95,1023.68,1855.42,2696.3,2719.15,2988.78,2874.53,1919.4,662.65,443.29,105.11,0,0
"Haifa, Technion",850,31/10/2014,Global,0,205.65,1147.07,1800.58,2166.18,1083.09,1083.09,904.86,1709.18,644.37,630.66,123.39,0,0
"Haifa, Technion",850,01/11/2014,Global,0,100.54,584.96,850.02,2079.35,2042.79,1316.16,1572.08,1791.44,1032.82,658.08,77.69,0,0
"Haifa, Technion",850,02/11/2014,Global,0,36.56,95.97,1261.32,1343.58,2755.71,2911.09,2614.04,1832.57,402.16,155.38,36.56,0,0
"Haifa, Technion",850,03/11/2014,Global,0,169.09,260.49,347.32,393.02,342.75,699.21,1233.9,2152.47,1115.08,255.92,50.27,0,0
"Haifa, Technion",850,04/11/2014,Global,0,155.38,845.45,1754.88,1211.05,2221.02,2280.43,2125.05,1878.27,831.74,667.22,82.26,0,0
"Haifa, Technion",850,05/11/2014,Global,4.57,155.38,548.4,1389.28,1275.03,1887.41,2924.8,2668.88,1992.52,1371,562.11,95.97,0,0
"Haifa, Technion",850,06/11/2014,Global,0,141.67,973.41,1786.87,2458.66,2879.1,3007.06,2819.69,2316.99,1608.64,658.08,54.84,0,0
"Haifa, Technion",850,07/11/2014,Global,0,132.53,1014.54,1859.99,2550.06,2988.78,3103.03,2901.95,2408.39,1645.2,443.29,59.41,0,0
"Haifa, Technion",850,08/11/2014,Global,0,118.82,991.69,1832.57,2504.36,2915.66,3025.34,2833.4,2316.99,1608.64,648.94,45.7,0,0
"Haifa, Technion",850,09/11/2014,Global,0,155.38,877.44,1677.19,2394.68,2815.12,2920.23,2732.86,2234.73,1535.52,598.67,45.7,0,0
"Haifa, Technion",850,10/11/2014,Global,0,137.1,859.16,1645.2,2271.29,2691.73,2801.41,2600.33,2125.05,1434.98,539.26,50.27,0,0
"Haifa, Technion",850,11/11/2014,Global,0,132.53,813.46,1622.35,2271.29,2618.61,2723.72,2234.73,1700.04,950.56,511.84,77.69,0,0
"Haifa, Technion",850,12/11/2014,Global,0,118.82,776.9,1476.11,2015.37,2412.96,2467.8,2444.95,2019.94,1375.57,552.97,50.27,0,0
"Haifa, Technion",850,13/11/2014,Global,0,114.25,694.64,1252.18,1864.56,2426.67,2134.19,2572.91,2093.06,1416.7,534.69,36.56,0,0
"Haifa, Technion",850,14/11/2014,Global,0,91.4,511.84,1096.8,1329.87,1430.41,2449.52,1668.05,1718.32,1238.47,612.38,59.41,0,0
"Haifa, Technion",850,15/11/2014,Global,0,105.11,754.05,1594.93,2207.31,2198.17,1704.61,1617.78,1617.78,795.18,425.01,50.27,0,0
"Haifa, Technion",850,16/11/2014,Global,0,31.99,100.54,470.71,1064.81,1654.34,1663.48,1869.13,1640.63,1083.09,370.17,137.1,0,0
"Haifa, Technion",850,17/11/2014,Global,0,132.53,612.38,1402.99,1179.06,685.5,1215.62,1284.17,959.7,1105.94,411.3,45.7,0,0
"Haifa, Technion",850,18/11/2014,Global,0,95.97,639.8,1384.71,1987.95,2444.95,2577.48,2403.82,1969.67,1284.17,466.14,54.84,0,0
"Haifa, Technion",850,19/11/2014,Global,0,82.26,662.65,1489.82,2143.33,2559.2,2641.46,2211.88,2074.78,1371,457,41.13,0,0
"Haifa, Technion",850,20/11/2014,Global,0,86.83,598.67,1393.85,2134.19,2531.78,2650.6,2472.37,2015.37,1334.44,415.87,41.13,0,0
"Haifa, Technion",850,21/11/2014,Global,0,54.84,740.34,1293.31,1791.44,1466.97,740.34,1046.53,635.23,516.41,219.36,63.98,0,0
"Haifa, Technion",850,22/11/2014,Global,0,68.55,191.94,457,786.04,584.96,932.28,722.06,511.84,813.46,383.88,41.13,0,0
"Haifa, Technion",850,23/11/2014,Global,0,68.55,287.91,420.44,941.42,571.25,1581.22,2591.19,2106.77,840.88,255.92,41.13,0,0
"Haifa, Technion",850,24/11/2014,Global,0,54.84,685.5,1544.66,1444.12,1928.54,3052.76,1727.46,799.75,671.79,159.95,22.85,0,0
"Haifa, Technion",850,25/11/2014,Global,0,91.4,612.38,1457.83,2083.92,2600.33,2211.88,1412.13,722.06,274.2,137.1,31.99,0,0
"Haifa, Technion",850,26/11/2014,Global,0,73.12,397.59,909.43,1028.25,1581.22,744.91,539.26,882.01,904.86,297.05,59.41,0,0
"Haifa, Technion",850,27/11/2014,Global,0,86.83,475.28,840.88,1567.51,1060.24,1060.24,1626.92,520.98,1334.44,539.26,50.27,0,0
"Haifa, Technion",850,28/11/2014,Global,0,54.84,740.34,1371,2019.94,2495.22,2047.36,1704.61,2157.04,1526.38,406.73,50.27,0,0
"Haifa, Technion",850,29/11/2014,Global,0,63.98,498.13,982.55,1558.37,2065.64,1457.83,991.69,1147.07,662.65,278.77,50.27,0,0
"Haifa, Technion",850,30/11/2014,Global,0,50.27,539.26,1329.87,1965.1,2367.26,1800.58,1165.35,804.32,1316.16,347.32,36.56,0,0
"Haifa, Technion",850,01/12/2014,Global,0,41.13,525.55,1380.14,1517.24,1910.26,1832.57,1599.5,1434.98,635.23,329.04,31.99,0,0
"Haifa, Technion",850,02/12/2014,Global,0,54.84,484.42,1183.63,1928.54,1727.46,1243.04,754.05,914,598.67,319.9,31.99,0,0
"Haifa, Technion",850,03/12/2014,Global,0,45.7,374.74,717.49,1028.25,1700.04,1019.11,1448.69,1416.7,589.53,265.06,18.28,0,0
"Haifa, Technion",850,04/12/2014,Global,0,41.13,479.85,1220.19,1823.43,1690.9,2476.94,2655.17,1695.47,1000.83,324.47,59.41,0,0
"Haifa, Technion",850,05/12/2014,Global,0,41.13,466.14,1293.31,1946.82,2339.84,2467.8,2138.76,1800.58,1215.62,310.76,36.56,0,0
"Haifa, Technion",850,06/12/2014,Global,0,45.7,452.43,1215.62,1974.24,2339.84,2522.64,2298.71,1887.41,1265.89,315.33,31.99,0,0
"Haifa, Technion",850,07/12/2014,Global,0,41.13,438.72,1211.05,1837.14,2262.15,2412.96,2157.04,1581.22,1037.39,315.33,41.13,0,0
"Haifa, Technion",850,08/12/2014,Global,0,27.42,488.99,1179.06,1823.43,2225.59,2257.58,2074.78,1786.87,1064.81,287.91,27.42,0,0
"Haifa, Technion",850,09/12/2014,Global,0,18.28,447.86,571.25,1549.23,1709.18,580.39,607.81,1302.45,612.38,205.65,36.56,0,0
"Haifa, Technion",850,10/12/2014,Global,0,41.13,434.15,1147.07,1786.87,2225.59,2198.17,2024.51,1800.58,1137.93,351.89,41.13,0,0
"Haifa, Technion",850,11/12/2014,Global,0,31.99,319.9,1229.33,1832.57,2248.44,2394.68,1891.98,1887.41,1174.49,301.62,45.7,0,0
"Haifa, Technion",850,12/12/2014,Global,0,27.42,219.36,557.54,1009.97,950.56,959.7,1028.25,1133.36,438.72,219.36,27.42,0,0
"Haifa, Technion",850,13/12/2014,Global,0,31.99,415.87,1238.47,1869.13,2294.14,2335.27,2298.71,1914.83,1119.65,383.88,45.7,0,0
"Haifa, Technion",850,14/12/2014,Global,0,45.7,338.18,726.63,1192.77,1901.12,2225.59,1092.23,324.47,1023.68,402.16,54.84,0,0
"Haifa, Technion",850,15/12/2014,Global,0,31.99,420.44,1206.48,1773.16,2230.16,2376.4,2275.86,1677.19,1243.04,310.76,41.13,0,0
"Haifa, Technion",850,16/12/2014,Global,0,27.42,347.32,1165.35,1809.72,2243.87,2431.24,2358.12,1919.4,1316.16,507.27,54.84,0,0
"Haifa, Technion",850,17/12/2014,Global,0,41.13,411.3,1261.32,1485.25,1759.45,2435.81,2184.46,1896.55,767.76,283.34,27.42,0,0
"Haifa, Technion",850,18/12/2014,Global,0,18.28,233.07,406.73,712.92,895.72,708.35,676.36,662.65,507.27,201.08,27.42,0,0
"Haifa, Technion",850,19/12/2014,Global,0,18.28,223.93,562.11,877.44,877.44,255.92,786.04,420.44,603.24,301.62,31.99,0,0
"Haifa, Technion",850,20/12/2014,Global,0,22.85,255.92,329.04,1014.54,1498.96,1375.57,1028.25,1535.52,1000.83,475.28,22.85,0,0
"Haifa, Technion",850,21/12/2014,Global,0,27.42,201.08,1151.64,1869.13,1805.15,502.7,1439.55,2316.99,1512.67,356.46,31.99,0,0
"Haifa, Technion",850,22/12/2014,Global,0,22.85,324.47,767.76,987.12,813.46,840.88,1160.78,635.23,233.07,214.79,27.42,0,0
"Haifa, Technion",850,23/12/2014,Global,0,22.85,205.65,1096.8,1654.34,1745.74,2394.68,2015.37,1791.44,936.85,333.61,41.13,0,0
"Haifa, Technion",850,24/12/2014,Global,0,18.28,329.04,1160.78,1846.28,2312.42,2504.36,2371.83,1997.09,1334.44,425.01,41.13,0,0
"Haifa, Technion",850,25/12/2014,Global,0,18.28,292.48,1188.2,1873.7,2330.7,2522.64,2417.53,2047.36,1430.41,361.03,41.13,0,0
"Haifa, Technion",850,26/12/2014,Global,0,18.28,297.05,1188.2,1864.56,2316.99,2522.64,2426.67,2042.79,1402.99,383.88,45.7,0,0
"Haifa, Technion",850,27/12/2014,Global,0,27.42,379.31,977.98,1709.18,2138.76,2321.56,1832.57,1316.16,827.17,388.45,63.98,0,0
"Haifa, Technion",850,28/12/2014,Global,0,4.57,255.92,836.31,1928.54,2038.22,2463.23,676.36,1814.29,1302.45,114.25,31.99,0,0
"Haifa, Technion",850,29/12/2014,Global,0,13.71,329.04,1078.52,1727.46,2189.03,2380.97,2275.86,1919.4,1320.73,393.02,50.27,0,0
"Haifa, Technion",850,30/12/2014,Global,0,18.28,278.77,1055.67,1690.9,2138.76,2335.27,2266.72,1896.55,1297.88,415.87,59.41,0,0
"Haifa, Technion",850,31/12/2014,Global,0,13.71,283.34,1073.95,1709.18,2161.61,2316.99,2326.13,2010.8,1284.17,411.3,54.84,0,0
