Station name,Station number,Date,Radiation type,05-06 LST(W•h/m²),06-07 LST(W•h/m²),07-08 LST(W•h/m²),08-09 LST(W•h/m²),09-10 LST(W•h/m²),10-11 LST(W•h/m²),11-12 LST(W•h/m²),12-13 LST(W•h/m²),13-14 LST(W•h/m²),14-15 LST(W•h/m²),15-16 LST(W•h/m²),16-17 LST(W•h/m²),17-18 LST(W•h/m²),18-19 LST(W•h/m²)
??? ??? ?????,2524,01/01/2017,Global,0,3.9302,170.9637,538.4374,860.7138,1057.2238,1151.5486,1114.2117,957.0037,683.8548,361.5784,55.0228,0,0
??? ??? ?????,2524,02/01/2017,Global,0,3.9302,145.4174,506.9958,821.4118,1049.3634,1096.5258,907.8762,499.1354,157.208,23.5812,19.651,0,0
??? ??? ?????,2524,03/01/2017,Global,0,17.6859,123.8013,174.8939,597.3904,821.4118,320.3113,841.0628,992.3755,778.1796,284.9395,37.3369,0,0
??? ??? ?????,2524,04/01/2017,Global,0,0,15.7208,123.8013,149.3476,567.9139,652.4132,609.181,909.8413,666.1689,129.6966,53.0577,0,0
??? ??? ?????,2524,05/01/2017,Global,0,5.8953,202.4053,579.7045,880.3648,1069.0144,1063.1191,1088.6654,923.597,544.3327,208.3006,31.4416,0,0
??? ??? ?????,2524,06/01/2017,Global,0,3.9302,131.6617,563.9837,864.644,1084.7352,1192.8157,1157.4439,988.4453,719.2266,385.1596,66.8134,0,0
??? ??? ?????,2524,07/01/2017,Global,0,5.8953,155.2429,432.322,764.4239,1035.6077,1159.409,1165.3043,1039.5379,764.4239,404.8106,70.7436,0,0
??? ??? ?????,2524,08/01/2017,Global,0,3.9302,70.7436,159.1731,367.4737,760.4937,931.4574,1086.7003,864.644,646.5179,261.3583,35.3718,0,0
??? ??? ?????,2524,09/01/2017,Global,0,5.8953,200.4402,499.1354,699.5756,964.8641,1226.2224,1169.2345,968.7943,742.8078,361.5784,55.0228,0,0
??? ??? ?????,2524,10/01/2017,Global,0,5.8953,235.812,569.879,854.8185,1102.4211,1124.0372,809.6212,1059.1889,674.0293,290.8348,53.0577,0,0
??? ??? ?????,2524,11/01/2017,Global,0,5.8953,172.9288,495.2052,839.0977,1057.2238,1165.3043,1161.3741,996.3057,734.9474,406.7757,80.5691,0,0
??? ??? ?????,2524,12/01/2017,Global,0,5.8953,178.8241,530.577,882.3299,931.4574,1184.9553,1175.1298,996.3057,732.9823,400.8804,74.6738,0,0
??? ??? ?????,2524,13/01/2017,Global,0,5.8953,135.5919,510.926,813.5514,1100.456,1082.7701,1190.8506,644.5528,786.04,341.9274,76.6389,0,0
??? ??? ?????,2524,14/01/2017,Global,0,5.8953,53.0577,112.0107,198.4751,239.7422,206.3355,125.7664,168.9986,247.6026,82.5342,19.651,0,0
??? ??? ?????,2524,15/01/2017,Global,0,3.9302,147.3825,320.3113,858.7487,575.7743,980.5849,1055.2587,937.3527,713.3313,442.1475,94.3248,0,0
??? ??? ?????,2524,16/01/2017,Global,0,9.8255,192.5798,512.8911,770.3192,1049.3634,1070.9795,1098.4909,1023.8171,642.5877,393.02,94.3248,0,0
??? ??? ?????,2524,17/01/2017,Global,0,5.8953,143.4523,469.6589,731.0172,982.55,911.8064,905.9111,955.0386,723.1568,383.1945,88.4295,0,0
??? ??? ?????,2524,18/01/2017,Global,0,3.9302,121.8362,383.1945,599.3555,990.4104,1149.5835,1161.3741,1033.6426,803.7259,359.6133,84.4993,0,0
??? ??? ?????,2524,19/01/2017,Global,0,7.8604,190.6147,440.1824,768.3541,738.8776,917.7017,1210.5016,1057.2238,766.389,442.1475,113.9758,0,0
??? ??? ?????,2524,20/01/2017,Global,0,5.8953,196.51,518.7864,900.0158,1114.2117,1251.7687,1238.013,1096.5258,835.1675,467.6938,104.1503,0,0
??? ??? ?????,2524,21/01/2017,Global,0,7.8604,80.5691,526.6468,652.4132,1049.3634,856.7836,1182.9902,1098.4909,880.3648,609.181,153.2778,0,0
??? ??? ?????,2524,22/01/2017,Global,0,5.8953,214.1959,597.3904,894.1205,1149.5835,1224.2573,1151.5486,892.1554,742.8078,422.4965,86.4644,0,0
??? ??? ?????,2524,23/01/2017,Global,0,7.8604,206.3355,542.3676,774.2494,1155.4788,1263.5593,1241.9432,1086.7003,821.4118,491.275,127.7315,0,0
??? ??? ?????,2524,24/01/2017,Global,0,9.8255,212.2308,538.4374,662.2387,957.0037,931.4574,1010.0614,903.946,585.5998,292.7999,72.7087,0,0
??? ??? ?????,2524,25/01/2017,Global,0,1.9651,60.9181,204.3704,373.369,510.926,672.0642,646.5179,440.1824,424.4616,210.2657,68.7785,0,0
??? ??? ?????,2524,26/01/2017,Global,0,7.8604,92.3597,255.463,528.6119,780.1447,736.9125,611.1461,538.4374,379.2643,155.2429,78.604,1.9651,0
??? ??? ?????,2524,27/01/2017,Global,0,1.9651,88.4295,174.8939,312.4509,1015.9567,793.9004,506.9958,328.1717,585.5998,90.3946,21.6161,1.9651,0
??? ??? ?????,2524,28/01/2017,Global,0,1.9651,31.4416,133.6268,626.8669,652.4132,703.5058,770.3192,703.5058,406.7757,263.3234,74.6738,1.9651,0
??? ??? ?????,2524,29/01/2017,Global,0,15.7208,302.6254,636.6924,980.5849,1188.8855,1065.0842,1041.503,890.1903,890.1903,581.6696,178.8241,1.9651,0
??? ??? ?????,2524,30/01/2017,Global,0,11.7906,249.5677,585.5998,941.2829,1179.06,1318.5821,1182.9902,1019.8869,750.6682,560.0535,145.4174,1.9651,0
??? ??? ?????,2524,31/01/2017,Global,0,11.7906,172.9288,581.6696,428.3918,746.738,1002.201,337.9972,817.4816,345.8576,442.1475,172.9288,3.9302,0
??? ??? ?????,2524,01/02/2017,Global,0,9.8255,208.3006,599.3555,970.7594,957.0037,1106.3513,960.9339,972.7245,884.295,334.067,88.4295,3.9302,0
??? ??? ?????,2524,02/02/2017,Global,0,17.6859,306.5556,644.5528,976.6547,1224.2573,1353.9539,1359.8492,1226.2224,964.8641,589.53,196.51,3.9302,0
??? ??? ?????,2524,03/02/2017,Global,0,17.6859,269.2187,685.8199,1012.0265,1257.664,1377.5351,1353.9539,1212.4667,957.0037,605.2508,196.51,3.9302,0
??? ??? ?????,2524,04/02/2017,Global,0,19.651,237.7771,599.3555,1021.852,1230.1526,1143.6882,1238.013,788.0051,440.1824,339.9623,186.6845,1.9651,0
??? ??? ?????,2524,05/02/2017,Global,0,13.7557,263.3234,652.4132,990.4104,1222.2922,1344.1284,1342.1633,1192.8157,939.3178,585.5998,198.4751,3.9302,0
??? ??? ?????,2524,06/02/2017,Global,0,17.6859,224.0214,617.0414,955.0386,1212.4667,1200.6761,1314.6519,1169.2345,923.597,577.7394,194.5449,5.8953,0
??? ??? ?????,2524,07/02/2017,Global,0,19.651,296.7301,705.4709,1041.503,1293.0358,1420.7673,1403.0814,1257.664,992.3755,626.8669,210.2657,3.9302,0
??? ??? ?????,2524,08/02/2017,Global,0,33.4067,214.1959,402.8455,365.5086,668.134,1004.1661,1351.9888,1196.7459,933.4225,540.4025,174.8939,5.8953,0
??? ??? ?????,2524,09/02/2017,Global,0,17.6859,216.161,562.0186,400.8804,1165.3043,880.3648,1047.3983,1224.2573,966.8292,607.2159,222.0563,7.8604,0
??? ??? ?????,2524,10/02/2017,Global,0,21.6161,263.3234,630.7971,974.6896,1226.2224,1365.7445,1357.8841,1208.5365,939.3178,595.4253,208.3006,7.8604,0
??? ??? ?????,2524,11/02/2017,Global,0,21.6161,271.1838,624.9018,955.0386,1186.9204,1236.0479,1298.9311,1163.3392,892.1554,546.2978,196.51,5.8953,0
??? ??? ?????,2524,12/02/2017,Global,0,11.7906,263.3234,259.3932,670.0991,224.0214,231.8818,475.5542,469.6589,626.8669,642.5877,216.161,7.8604,0
??? ??? ?????,2524,13/02/2017,Global,0,15.7208,341.9274,573.8092,241.7073,1051.3285,758.5286,1188.8855,1308.7566,357.6482,302.6254,119.8711,13.7557,0
??? ??? ?????,2524,14/02/2017,Global,0,13.7557,94.3248,198.4751,208.3006,243.6724,310.4858,1065.0842,860.7138,271.1838,129.6966,49.1275,3.9302,0
??? ??? ?????,2524,15/02/2017,Global,0,13.7557,94.3248,279.0442,281.0093,955.0386,1236.0479,613.1112,744.7729,943.248,381.2294,141.4872,13.7557,0
??? ??? ?????,2524,16/02/2017,Global,0,7.8604,41.2671,102.1852,204.3704,347.8227,353.718,334.067,318.3462,587.5649,267.2536,113.9758,1.9651,0
??? ??? ?????,2524,17/02/2017,Global,0,37.3369,224.0214,369.4388,701.5407,1373.6049,1444.3485,1497.4062,1017.9218,709.4011,383.1945,306.5556,13.7557,0
??? ??? ?????,2524,18/02/2017,Global,0,45.1973,353.718,786.04,1145.6533,1399.1512,1526.8827,1503.3015,1336.268,1086.7003,725.1219,302.6254,17.6859,0
??? ??? ?????,2524,19/02/2017,Global,0,53.0577,379.2643,774.2494,1145.6533,1407.0116,1544.5686,1532.778,1379.5002,1118.1419,744.7729,306.5556,15.7208,0
??? ??? ?????,2524,20/02/2017,Global,0,58.953,422.4965,685.8199,1120.107,1397.1861,1522.9525,1520.9874,1379.5002,1104.3862,727.087,304.5905,19.651,0
??? ??? ?????,2524,21/02/2017,Global,0,51.0926,369.4388,776.2145,1120.107,1308.7566,1291.0707,1463.9995,1328.4076,1067.0493,697.6105,284.9395,19.651,0
??? ??? ?????,2524,22/02/2017,Global,0,49.1275,324.2415,721.1917,994.3406,764.4239,518.7864,597.3904,292.7999,231.8818,206.3355,115.9409,9.8255,0
??? ??? ?????,2524,23/02/2017,Global,0,33.4067,263.3234,685.8199,1061.154,1078.8399,1023.8171,1475.7901,1355.919,1067.0493,711.3662,286.9046,23.5812,0
??? ??? ?????,2524,24/02/2017,Global,0,53.0577,324.2415,750.6682,1110.2815,1369.6747,1495.4411,1485.6156,1344.1284,1080.805,697.6105,296.7301,25.5463,0
??? ??? ?????,2524,25/02/2017,Global,0,58.953,373.369,776.2145,1137.7929,1414.872,1538.6733,1524.9176,1373.6049,1096.5258,725.1219,312.4509,27.5114,0
??? ??? ?????,2524,26/02/2017,Global,0,68.7785,424.4616,813.5514,1155.4788,1395.221,1515.0921,1497.4062,1342.1633,1043.4681,677.9595,273.1489,25.5463,0
??? ??? ?????,2524,27/02/2017,Global,0,23.5812,161.1382,422.4965,1124.0372,1385.3955,1501.3364,1224.2573,1361.8143,1013.9916,652.4132,231.8818,25.5463,0
??? ??? ?????,2524,28/02/2017,Global,0,15.7208,192.5798,434.2871,473.5891,225.9865,467.6938,481.4495,884.295,662.2387,516.8213,194.5449,17.6859,0
??? ??? ?????,2524,01/03/2017,Global,0,17.6859,41.2671,56.9879,98.255,237.7771,544.3327,632.7622,385.1596,220.0912,170.9637,167.0335,29.4765,0
??? ??? ?????,2524,02/03/2017,Global,0,62.8832,277.0791,506.9958,817.4816,1129.9325,1141.7231,1184.9553,1004.1661,799.7957,619.0065,365.5086,35.3718,0
??? ??? ?????,2524,03/03/2017,Global,0,31.4416,98.255,532.5421,821.4118,866.6091,734.9474,683.8548,222.0563,365.5086,780.1447,261.3583,13.7557,0
??? ??? ?????,2524,04/03/2017,Global,0,117.906,357.6482,683.8548,1175.1298,1175.1298,1794.1363,1666.4048,1463.9995,1194.7808,817.4816,398.9153,45.1973,0
??? ??? ?????,2524,05/03/2017,Global,0,88.4295,475.5542,901.9809,1188.8855,1350.0237,1658.5444,1611.382,1434.523,1161.3741,774.2494,359.6133,43.2322,0
??? ??? ?????,2524,06/03/2017,Global,0,115.9409,512.8911,941.2829,1295.0009,1532.778,1658.5444,1636.9283,1473.825,1198.711,829.2722,393.02,47.1624,0
??? ??? ?????,2524,07/03/2017,Global,0,45.1973,277.0791,550.228,799.7957,978.6198,1336.268,1530.8129,1045.4332,1035.6077,774.2494,336.0321,33.4067,0
??? ??? ?????,2524,08/03/2017,Global,0,80.5691,508.9609,945.2131,1291.0707,1509.1968,1611.382,1601.5565,1442.3834,1182.9902,807.6561,383.1945,45.1973,0
??? ??? ?????,2524,09/03/2017,Global,1.9651,165.0684,522.7166,900.0158,1100.456,1526.8827,1666.4048,1634.9632,1479.7203,1206.5714,835.1675,400.8804,43.2322,0
??? ??? ?????,2524,10/03/2017,Global,0,113.9758,385.1596,298.6952,396.9502,446.0777,681.8897,1283.2103,1351.9888,1126.0023,750.6682,310.4858,41.2671,0
??? ??? ?????,2524,11/03/2017,Global,0,56.9879,343.8925,361.5784,955.0386,1238.013,1564.2196,1562.2545,1399.1512,1084.7352,715.2964,308.5207,39.302,0
??? ??? ?????,2524,12/03/2017,Global,1.9651,137.557,536.4723,754.5984,1318.5821,1481.6854,878.3997,585.5998,782.1098,778.1796,367.4737,229.9167,74.6738,0
??? ??? ?????,2524,13/03/2017,Global,0,41.2671,208.3006,548.2629,723.1568,943.248,1357.8841,1387.3606,789.9702,988.4453,866.6091,377.2992,62.8832,0
??? ??? ?????,2524,14/03/2017,Global,1.9651,113.9758,224.0214,261.3583,279.0442,1013.9916,789.9702,1440.4183,974.6896,1143.6882,839.0977,410.7059,66.8134,0
??? ??? ?????,2524,15/03/2017,Global,1.9651,143.4523,577.7394,945.2131,1342.1633,1650.684,1399.1512,1603.5216,1161.3741,550.228,237.7771,265.2885,39.302,0
??? ??? ?????,2524,16/03/2017,Global,1.9651,196.51,497.1703,848.9232,841.0628,1483.6505,1515.0921,1090.6305,1418.8022,1137.7929,829.2722,467.6938,60.9181,0
??? ??? ?????,2524,17/03/2017,Global,3.9302,123.8013,367.4737,619.0065,831.2373,1090.6305,1147.6184,1023.8171,896.0856,1053.2936,487.3448,208.3006,33.4067,0
??? ??? ?????,2524,18/03/2017,Global,3.9302,139.5221,361.5784,677.9595,907.8762,1102.4211,1129.9325,1304.8264,795.8655,685.8199,281.0093,112.0107,29.4765,0
??? ??? ?????,2524,19/03/2017,Global,3.9302,155.2429,381.2294,764.4239,1110.2815,1167.2694,1161.3741,976.6547,1171.1996,400.8804,506.9958,336.0321,92.3597,0
??? ??? ?????,2524,20/03/2017,Global,5.8953,176.859,290.8348,841.0628,697.6105,915.7366,754.5984,1296.966,1542.6035,1063.1191,750.6682,375.3341,55.0228,0
??? ??? ?????,2524,21/03/2017,Global,1.9651,64.8483,151.3127,267.2536,341.9274,571.8441,1063.1191,1263.5593,1120.107,1063.1191,754.5984,398.9153,82.5342,0
??? ??? ?????,2524,22/03/2017,Global,3.9302,56.9879,208.3006,563.9837,652.4132,1029.7124,1487.5807,1574.0451,1230.1526,471.624,336.0321,265.2885,72.7087,0
??? ??? ?????,2524,23/03/2017,Global,0,64.8483,389.0898,929.4923,1271.4197,1440.4183,1220.3271,1373.6049,1322.5123,1118.1419,756.5635,367.4737,70.7436,0
??? ??? ?????,2524,24/03/2017,Global,5.8953,182.7543,467.6938,1080.805,1006.1312,1689.986,1805.9269,1782.3457,1601.5565,1300.8962,858.7487,446.0777,92.3597,0
??? ??? ?????,2524,25/03/2017,Global,9.8255,174.8939,630.7971,1029.7124,1177.0949,1560.2894,1752.8692,1733.2182,1576.0102,1283.2103,886.2601,467.6938,90.3946,0
??? ??? ?????,2524,26/03/2017,Global,9.8255,233.8469,660.2736,1076.8748,1412.9069,1654.6142,1760.7296,1754.8343,1587.8008,1306.7915,927.5272,493.2401,92.3597,0
??? ??? ?????,2524,27/03/2017,Global,9.8255,170.9637,398.9153,683.8548,1072.9446,1273.3848,1558.3243,1695.8813,1542.6035,1188.8855,862.6789,505.0307,100.2201,0
??? ??? ?????,2524,28/03/2017,Global,13.7557,277.0791,316.3811,581.6696,1181.0251,1277.315,1627.1028,1780.3806,1609.4169,1326.4425,941.2829,497.1703,92.3597,0
??? ??? ?????,2524,29/03/2017,Global,15.7208,251.5328,677.9595,1096.5258,1344.1284,1668.3699,1776.4504,1731.2531,1560.2894,1293.0358,911.8064,477.5193,113.9758,0
??? ??? ?????,2524,30/03/2017,Global,9.8255,113.9758,251.5328,304.5905,815.5165,817.4816,475.5542,1365.7445,1601.5565,1281.2452,909.8413,436.2522,84.4993,0
??? ??? ?????,2524,31/03/2017,Global,15.7208,249.5677,601.3206,1104.3862,1422.7324,1664.4397,1784.3108,1752.8692,1196.7459,1200.6761,868.5742,379.2643,108.0805,0
??? ??? ?????,2524,01/04/2017,Global,17.6859,300.6603,713.3313,1122.0721,1438.4532,1497.4062,1481.6854,1646.7538,1585.8357,1293.0358,731.0172,353.718,96.2899,0
??? ??? ?????,2524,02/04/2017,Global,5.8953,188.6496,137.557,235.812,1181.0251,1322.5123,1350.0237,1355.919,1530.8129,1086.7003,670.0991,398.9153,113.9758,0
??? ??? ?????,2524,03/04/2017,Global,17.6859,224.0214,764.4239,1017.9218,1169.2345,1646.7538,1788.241,1499.3713,1660.5095,1353.9539,972.7245,516.8213,117.906,0
??? ??? ?????,2524,04/04/2017,Global,19.651,324.2415,782.1098,1204.6063,1538.6733,1754.8343,1851.1242,1817.7175,1642.8236,1355.919,974.6896,530.577,119.8711,0
??? ??? ?????,2524,05/04/2017,Global,19.651,343.8925,801.7608,1216.3969,1540.6384,1735.1833,1817.7175,1766.6249,1576.0102,1291.0707,921.6319,495.2052,119.8711,0
??? ??? ?????,2524,06/04/2017,Global,25.5463,355.6831,809.6212,1228.1875,1572.08,1786.2759,1864.8799,1827.543,1660.5095,1355.919,911.8064,416.6012,117.906,0
??? ??? ?????,2524,07/04/2017,Global,35.3718,222.0563,479.4844,1143.6882,1467.9297,1636.9283,1695.8813,1660.5095,1503.3015,1179.06,630.7971,396.9502,127.7315,0
??? ??? ?????,2524,08/04/2017,Global,31.4416,243.6724,636.6924,896.0856,1344.1284,1519.0223,1780.3806,1774.4853,1532.778,1147.6184,791.9353,495.2052,78.604,0
??? ??? ?????,2524,09/04/2017,Global,35.3718,343.8925,579.7045,727.087,1080.805,1666.4048,1605.4867,711.3662,955.0386,984.5151,544.3327,314.416,51.0926,0
??? ??? ?????,2524,10/04/2017,Global,33.4067,349.7878,782.1098,1222.2922,1473.825,1713.5672,1839.3336,1788.241,1493.476,1155.4788,880.3648,337.9972,86.4644,0
??? ??? ?????,2524,11/04/2017,Global,11.7906,188.6496,440.1824,713.3313,1495.4411,1654.6142,1762.6947,1727.3229,1570.1149,1285.1754,848.9232,406.7757,108.0805,0
??? ??? ?????,2524,12/04/2017,Global,31.4416,288.8697,522.7166,679.9246,788.0051,768.3541,522.7166,1139.758,391.0549,231.8818,273.1489,78.604,7.8604,0
??? ??? ?????,2524,13/04/2017,Global,19.651,123.8013,595.4253,835.1675,1304.8264,1558.3243,1491.5109,619.0065,1080.805,632.7622,471.624,194.5449,29.4765,0
??? ??? ?????,2524,14/04/2017,Global,64.8483,393.02,723.1568,1061.154,1650.684,1813.7873,1798.0665,1672.3001,1267.4895,809.6212,542.3676,375.3341,98.255,1.9651
??? ??? ?????,2524,15/04/2017,Global,37.3369,353.718,795.8655,900.0158,1348.0586,1556.3592,1737.1484,1652.6491,1646.7538,1342.1633,872.5044,391.0549,112.0107,1.9651
??? ??? ?????,2524,16/04/2017,Global,43.2322,355.6831,772.2843,866.6091,1137.7929,1157.4439,1788.241,1855.0544,1658.5444,1238.013,1015.9567,554.1582,163.1033,1.9651
??? ??? ?????,2524,17/04/2017,Global,60.9181,420.5314,866.6091,1283.2103,1617.2773,1839.3336,1943.4839,1906.147,1741.0786,1456.1391,1070.9795,609.181,180.7892,1.9651
??? ??? ?????,2524,18/04/2017,Global,70.7436,420.5314,844.993,1245.8734,1581.9055,1796.1014,1904.1819,1864.8799,1701.7766,1403.0814,1031.6775,579.7045,176.859,1.9651
??? ??? ?????,2524,19/04/2017,Global,56.9879,438.2173,898.0507,1308.7566,1625.1377,1843.2638,1959.2047,1914.0074,1729.288,1430.5928,1047.3983,583.6347,178.8241,1.9651
??? ??? ?????,2524,20/04/2017,Global,82.5342,450.0079,876.4346,1279.2801,1601.5565,1811.8222,1896.3215,1860.9497,1680.1605,1385.3955,992.3755,526.6468,147.3825,1.9651
??? ??? ?????,2524,21/04/2017,Global,76.6389,385.1596,793.9004,1181.0251,1487.5807,1709.637,1817.7175,1780.3806,1609.4169,1322.5123,941.2829,506.9958,143.4523,1.9651
??? ??? ?????,2524,22/04/2017,Global,92.3597,410.7059,829.2722,1063.1191,1442.3834,1613.3471,1821.6477,1733.2182,1625.1377,1338.2331,949.1433,514.8562,147.3825,1.9651
??? ??? ?????,2524,23/04/2017,Global,58.953,316.3811,420.5314,373.369,1463.9995,1458.1042,1377.5351,1426.6626,1668.3699,1432.5579,1023.8171,583.6347,208.3006,3.9302
??? ??? ?????,2524,24/04/2017,Global,45.1973,121.8362,420.5314,1287.1405,1412.9069,1853.0893,1522.9525,1334.3029,1662.4746,1367.7096,1084.7352,591.4951,170.9637,3.9302
??? ??? ?????,2524,25/04/2017,Global,108.0805,489.3099,935.3876,1326.4425,1664.4397,1878.6356,1965.1,1923.8329,1739.1135,1448.2787,1069.0144,607.2159,200.4402,3.9302
??? ??? ?????,2524,26/04/2017,Global,56.9879,320.3113,693.6803,1094.5607,1371.6398,1517.0572,1342.1633,1452.2089,1367.7096,1175.1298,823.3769,450.0079,149.3476,3.9302
??? ??? ?????,2524,27/04/2017,Global,88.4295,391.0549,744.7729,1212.4667,1505.2666,1703.7417,1805.9269,1756.7994,1585.8357,1316.617,935.3876,475.5542,125.7664,1.9651
??? ??? ?????,2524,28/04/2017,Global,100.2201,432.322,923.597,1300.8962,1601.5565,1835.4034,1951.3443,1906.147,1731.2531,1465.9646,1084.7352,634.7273,200.4402,3.9302
??? ??? ?????,2524,29/04/2017,Global,115.9409,479.4844,937.3527,1344.1284,1670.335,1890.4262,1988.6812,1937.5886,1760.7296,1477.7552,1098.4909,654.3783,214.1959,3.9302
??? ??? ?????,2524,30/04/2017,Global,143.4523,453.9381,766.389,1289.1056,1562.2545,1377.5351,1615.3122,1554.3941,1186.9204,1025.7822,968.7943,534.5072,174.8939,7.8604
??? ??? ?????,2524,01/05/2017,Global,90.3946,337.9972,685.8199,1245.8734,1505.2666,1735.1833,1851.1242,1739.1135,1412.9069,1269.4546,962.899,536.4723,161.1382,1.9651
??? ??? ?????,2524,02/05/2017,Global,119.8711,475.5542,919.6668,1281.2452,1615.3122,1807.892,1898.2866,1845.2289,1664.4397,1393.2559,1029.7124,569.879,194.5449,7.8604
??? ??? ?????,2524,03/05/2017,Global,127.7315,489.3099,827.3071,1220.3271,1420.7673,1866.845,1929.7282,1878.6356,1697.8464,1428.6277,1059.1889,628.832,210.2657,7.8604
??? ??? ?????,2524,04/05/2017,Global,112.0107,469.6589,620.9716,768.3541,1499.3713,1858.9846,1919.9027,1843.2638,1701.7766,1420.7673,1049.3634,619.0065,188.6496,7.8604
??? ??? ?????,2524,05/05/2017,Global,127.7315,491.275,691.7152,1049.3634,1589.7659,1373.6049,1676.2303,1864.8799,1693.9162,1424.6975,1067.0493,642.5877,216.161,7.8604
??? ??? ?????,2524,06/05/2017,Global,76.6389,440.1824,695.6454,1241.9432,1691.9511,1845.2289,1929.7282,1833.4383,1711.6021,1428.6277,1047.3983,622.9367,225.9865,7.8604
??? ??? ?????,2524,07/05/2017,Global,147.3825,528.6119,968.7943,1350.0237,1652.6491,1874.7054,1967.0651,1923.8329,1739.1135,1446.3136,1074.9097,642.5877,225.9865,7.8604
??? ??? ?????,2524,08/05/2017,Global,167.0335,540.4025,957.0037,1342.1633,1654.6142,1847.194,1925.798,1880.6007,1697.8464,1405.0465,1037.5728,620.9716,212.2308,9.8255
??? ??? ?????,2524,09/05/2017,Global,149.3476,532.5421,953.0735,1330.3727,1601.5565,1813.7873,1894.3564,1843.2638,1676.2303,1393.2559,1025.7822,603.2857,214.1959,9.8255
??? ??? ?????,2524,10/05/2017,Global,155.2429,528.6119,953.0735,1340.1982,1621.2075,1845.2289,1953.3094,1910.0772,1717.4974,1426.6626,1057.2238,620.9716,214.1959,9.8255
??? ??? ?????,2524,11/05/2017,Global,70.7436,131.6617,438.2173,970.7594,1515.0921,1851.1242,1945.449,1925.798,1768.59,1489.5458,1127.9674,687.785,259.3932,9.8255
??? ??? ?????,2524,12/05/2017,Global,123.8013,565.9488,666.1689,1247.8385,1442.3834,1817.7175,1967.0651,1886.496,1746.9739,1458.1042,1096.5258,677.9595,249.5677,13.7557
??? ??? ?????,2524,13/05/2017,Global,168.9986,542.3676,990.4104,1379.5002,1695.8813,1898.2866,1976.8906,1900.2517,1678.1954,1448.2787,1098.4909,681.8897,222.0563,13.7557
??? ??? ?????,2524,14/05/2017,Global,137.557,485.3797,900.0158,1263.5593,1554.3941,1768.59,1866.845,1821.6477,1648.7189,1365.7445,990.4104,581.6696,210.2657,13.7557
??? ??? ?????,2524,15/05/2017,Global,149.3476,516.8213,929.4923,1336.268,1640.8585,1872.7403,1967.0651,1927.7631,1764.6598,1483.6505,1100.456,681.8897,273.1489,15.7208
??? ??? ?????,2524,16/05/2017,Global,106.1154,503.0656,978.6198,1379.5002,1668.3699,1882.5658,1967.0651,1943.4839,1782.3457,1509.1968,1120.107,691.7152,282.9744,17.6859
??? ??? ?????,2524,17/05/2017,Global,167.0335,565.9488,994.3406,1351.9888,1629.0679,1849.1591,1963.1349,1925.798,1752.8692,1469.8948,1051.3285,446.0777,237.7771,29.4765
??? ??? ?????,2524,18/05/2017,Global,155.2429,475.5542,947.1782,1351.9888,1607.4518,1853.0893,1947.4141,1839.3336,1379.5002,998.2708,715.2964,552.1931,355.6831,15.7208
??? ??? ?????,2524,19/05/2017,Global,149.3476,485.3797,599.3555,713.3313,1210.5016,1173.1647,1513.127,1923.8329,1774.4853,1456.1391,1090.6305,699.5756,281.0093,19.651
??? ??? ?????,2524,20/05/2017,Global,206.3355,617.0414,595.4253,1118.1419,1597.6263,1519.0223,1072.9446,1184.9553,1617.2773,1241.9432,799.7957,622.9367,243.6724,21.6161
??? ??? ?????,2524,21/05/2017,Global,172.9288,296.7301,677.9595,1332.3378,1615.3122,1878.6356,2022.0879,1970.9953,1798.0665,1519.0223,1149.5835,731.0172,304.5905,19.651
??? ??? ?????,2524,22/05/2017,Global,220.0912,603.2857,1017.9218,1393.2559,1680.1605,1864.8799,1925.798,1870.7752,1703.7417,1422.7324,892.1554,548.2629,137.557,21.6161
??? ??? ?????,2524,23/05/2017,Global,133.6268,501.1005,907.8762,1283.2103,1680.1605,1697.8464,1803.9618,1837.3685,1717.4974,1416.8371,1090.6305,538.4374,314.416,27.5114
??? ??? ?????,2524,24/05/2017,Global,198.4751,603.2857,807.6561,974.6896,1519.0223,1923.8329,1998.5067,1959.2047,1807.892,1544.5686,1175.1298,740.8427,316.3811,27.5114
??? ??? ?????,2524,25/05/2017,Global,245.6375,617.0414,1027.7473,1420.7673,1688.0209,1892.3913,1943.4839,1801.9967,1291.0707,1418.8022,1137.7929,768.3541,326.2066,21.6161
??? ??? ?????,2524,26/05/2017,Global,206.3355,630.7971,825.342,1279.2801,1701.7766,1915.9725,2008.3322,1970.9953,1811.8222,1536.7082,1165.3043,740.8427,318.3462,29.4765
??? ??? ?????,2524,27/05/2017,Global,212.2308,603.2857,1021.852,1381.4653,1666.4048,1872.7403,1967.0651,1929.7282,1774.4853,1491.5109,1114.2117,674.0293,267.2536,25.5463
??? ??? ?????,2524,28/05/2017,Global,192.5798,558.0884,1023.8171,1395.221,1691.9511,1908.1121,1984.751,1945.449,1782.3457,1515.0921,1161.3741,742.8078,326.2066,31.4416
??? ??? ?????,2524,29/05/2017,Global,212.2308,607.2159,1019.8869,1377.5351,1652.6491,1853.0893,1951.3443,1906.147,1739.1135,1481.6854,1131.8976,725.1219,306.5556,33.4067
??? ??? ?????,2524,30/05/2017,Global,204.3704,575.7743,964.8641,1348.0586,1666.4048,1872.7403,1965.1,1914.0074,1727.3229,1477.7552,1145.6533,732.9823,310.4858,33.4067
??? ??? ?????,2524,31/05/2017,Global,216.161,609.181,937.3527,1316.617,1713.5672,1910.0772,1984.751,1935.6235,1772.5202,1515.0921,1169.2345,762.4588,345.8576,37.3369
??? ??? ?????,2524,01/06/2017,Global,190.6147,520.7515,850.8883,1397.1861,1758.7645,1884.5309,2022.0879,1912.0423,1782.3457,1491.5109,1120.107,587.5649,214.1959,29.4765
??? ??? ?????,2524,02/06/2017,Global,212.2308,599.3555,780.1447,1236.0479,1652.6491,1886.496,1969.0302,1925.798,1688.0209,1442.3834,1124.0372,740.8427,326.2066,33.4067
??? ??? ?????,2524,03/06/2017,Global,224.0214,589.53,827.3071,1222.2922,1680.1605,1878.6356,1967.0651,1915.9725,1754.8343,1483.6505,1118.1419,719.2266,314.416,35.3718
??? ??? ?????,2524,04/06/2017,Global,182.7543,575.7743,964.8641,1361.8143,1668.3699,1888.4611,1970.9953,1919.9027,1762.6947,1501.3364,1155.4788,750.6682,336.0321,39.302
??? ??? ?????,2524,05/06/2017,Global,210.2657,589.53,890.1903,1359.8492,1666.4048,1870.7752,1953.3094,1917.9376,1764.6598,1505.2666,1159.409,760.4937,351.7529,39.302
??? ??? ?????,2524,06/06/2017,Global,227.9516,628.832,1045.4332,1410.9418,1711.6021,1933.6584,2022.0879,1982.7859,1823.6128,1548.4988,1200.6761,789.9702,363.5435,41.2671
??? ??? ?????,2524,07/06/2017,Global,243.6724,648.483,1055.2587,1436.4881,1729.288,1925.798,2033.8785,1998.5067,1833.4383,1546.5337,1182.9902,768.3541,341.9274,41.2671
??? ??? ?????,2524,08/06/2017,Global,227.9516,599.3555,1008.0963,1387.3606,1695.8813,1892.3913,1978.8557,1935.6235,1760.7296,1491.5109,1161.3741,752.6333,334.067,39.302
??? ??? ?????,2524,09/06/2017,Global,182.7543,508.9609,931.4574,1287.1405,1646.7538,1831.4732,1927.7631,1912.0423,1746.9739,1473.825,1141.7231,740.8427,330.1368,43.2322
??? ??? ?????,2524,10/06/2017,Global,192.5798,444.1126,736.9125,1045.4332,1583.8706,1770.5551,2004.402,1951.3443,1801.9967,1544.5686,1194.7808,786.04,373.369,47.1624
??? ??? ?????,2524,11/06/2017,Global,200.4402,624.9018,929.4923,1387.3606,1719.4625,1915.9725,2012.2624,1976.8906,1817.7175,1552.429,1198.711,807.6561,385.1596,49.1275
??? ??? ?????,2524,12/06/2017,Global,145.4174,396.9502,996.3057,1426.6626,1697.8464,1864.8799,1917.9376,1919.9027,1770.5551,1520.9874,1157.4439,780.1447,355.6831,43.2322
??? ??? ?????,2524,13/06/2017,Global,220.0912,554.1582,1039.5379,1251.7687,1646.7538,1858.9846,1955.2745,1927.7631,1772.5202,1505.2666,1155.4788,766.389,355.6831,47.1624
??? ??? ?????,2524,14/06/2017,Global,204.3704,444.1126,799.7957,1259.6291,1603.5216,1837.3685,1937.5886,1898.2866,1737.1484,1497.4062,1161.3741,801.7608,314.416,41.2671
??? ??? ?????,2524,15/06/2017,Global,212.2308,603.2857,563.9837,1006.1312,1623.1726,1860.9497,1937.5886,1915.9725,1746.9739,1483.6505,1141.7231,744.7729,355.6831,49.1275
??? ??? ?????,2524,16/06/2017,Global,184.7194,589.53,964.8641,1377.5351,1682.1256,1892.3913,1978.8557,1945.449,1780.3806,1532.778,1182.9902,782.1098,367.4737,49.1275
??? ??? ?????,2524,17/06/2017,Global,168.9986,491.275,915.7366,1338.2331,1656.5793,1857.0195,1957.2396,1933.6584,1782.3457,1520.9874,1179.06,772.2843,345.8576,37.3369
??? ??? ?????,2524,18/06/2017,Global,127.7315,357.6482,953.0735,1351.9888,1632.9981,1872.7403,1969.0302,1943.4839,1798.0665,1542.6035,1196.7459,784.0749,373.369,51.0926
??? ??? ?????,2524,19/06/2017,Global,210.2657,611.1461,1010.0614,1369.6747,1644.7887,1858.9846,1947.4141,1900.2517,1748.939,1489.5458,1133.8627,725.1219,316.3811,49.1275
??? ??? ?????,2524,20/06/2017,Global,192.5798,451.973,599.3555,1230.1526,1477.7552,1933.6584,1957.2396,1935.6235,1760.7296,1511.1619,1184.9553,788.0051,373.369,55.0228
??? ??? ?????,2524,21/06/2017,Global,194.5449,414.6361,363.5435,884.295,1456.1391,1872.7403,1951.3443,1754.8343,1591.731,1357.8841,1127.9674,766.389,379.2643,64.8483
??? ??? ?????,2524,22/06/2017,Global,218.1261,634.7273,923.597,1021.852,1224.2573,1613.3471,1976.8906,1951.3443,1798.0665,1548.4988,1206.5714,805.691,389.0898,55.0228
??? ??? ?????,2524,23/06/2017,Global,210.2657,591.4951,900.0158,1336.268,1691.9511,1902.2168,1994.5765,1969.0302,1817.7175,1554.3941,1204.6063,784.0749,290.8348,43.2322
??? ??? ?????,2524,24/06/2017,Global,184.7194,554.1582,968.7943,1318.5821,1674.2652,1888.4611,1986.7161,1959.2047,1792.1712,1538.6733,1210.5016,789.9702,379.2643,55.0228
??? ??? ?????,2524,25/06/2017,Global,202.4053,369.4388,852.8534,1373.6049,1678.1954,1878.6356,1980.8208,1939.5537,1788.241,1536.7082,1204.6063,801.7608,389.0898,53.0577
??? ??? ?????,2524,26/06/2017,Global,159.1731,455.9032,958.9688,1344.1284,1636.9283,1839.3336,1921.8678,1902.2168,1758.7645,1505.2666,1159.409,764.4239,363.5435,55.0228
??? ??? ?????,2524,27/06/2017,Global,163.1033,548.2629,941.2829,1322.5123,1605.4867,1827.543,1931.6933,1912.0423,1772.5202,1524.9176,1179.06,776.2145,373.369,56.9879
??? ??? ?????,2524,28/06/2017,Global,172.9288,550.228,809.6212,1338.2331,1632.9981,1868.8101,1986.7161,1970.9953,1827.543,1576.0102,1228.1875,825.342,408.7408,56.9879
??? ??? ?????,2524,29/06/2017,Global,168.9986,501.1005,962.899,1346.0935,1680.1605,1900.2517,1998.5067,1974.9255,1831.4732,1576.0102,1232.1177,827.3071,402.8455,58.953
??? ??? ?????,2524,30/06/2017,Global,180.7892,546.2978,941.2829,1312.6868,1611.382,1823.6128,1923.8329,1904.1819,1750.9041,1511.1619,1145.6533,642.5877,304.5905,41.2671
??? ??? ?????,2524,01/07/2017,Global,133.6268,438.2173,901.9809,1265.5244,1589.7659,1807.892,1914.0074,1892.3913,1764.6598,1524.9176,1194.7808,793.9004,381.2294,53.0577
??? ??? ?????,2524,02/07/2017,Global,106.1154,528.6119,911.8064,1306.7915,1615.3122,1833.4383,1925.798,1929.7282,1786.2759,1519.0223,1175.1298,780.1447,371.4039,55.0228
??? ??? ?????,2524,03/07/2017,Global,90.3946,377.2992,925.5621,1312.6868,1609.4169,1803.9618,1925.798,1915.9725,1774.4853,1517.0572,1173.1647,764.4239,363.5435,58.953
??? ??? ?????,2524,04/07/2017,Global,161.1382,528.6119,935.3876,1306.7915,1597.6263,1817.7175,1902.2168,1910.0772,1782.3457,1526.8827,1173.1647,768.3541,355.6831,55.0228
??? ??? ?????,2524,05/07/2017,Global,145.4174,412.671,748.7031,788.0051,1481.6854,1827.543,1898.2866,1823.6128,1705.7068,1454.174,1102.4211,699.5756,304.5905,45.1973
??? ??? ?????,2524,06/07/2017,Global,96.2899,361.5784,786.04,925.5621,1601.5565,1748.939,1833.4383,1632.9981,1623.1726,1210.5016,809.6212,522.7166,233.8469,39.302
??? ??? ?????,2524,07/07/2017,Global,117.906,530.577,707.436,978.6198,1247.8385,1784.3108,1925.798,1849.1591,1752.8692,1289.1056,994.3406,632.7622,229.9167,53.0577
??? ??? ?????,2524,08/07/2017,Global,151.3127,512.8911,943.248,1293.0358,1625.1377,1815.7524,1929.7282,1910.0772,1778.4155,1526.8827,1190.8506,774.2494,308.5207,45.1973
??? ??? ?????,2524,09/07/2017,Global,161.1382,471.624,801.7608,1302.8613,1572.08,1807.892,1927.7631,1910.0772,1768.59,1509.1968,1165.3043,762.4588,355.6831,51.0926
??? ??? ?????,2524,10/07/2017,Global,127.7315,308.5207,878.3997,1293.0358,1576.0102,1790.2061,1902.2168,1892.3913,1739.1135,1483.6505,1147.6184,742.8078,349.7878,55.0228
??? ??? ?????,2524,11/07/2017,Global,110.0456,351.7529,721.1917,1196.7459,1418.8022,1748.939,1805.9269,1754.8343,1432.5579,1186.9204,788.0051,422.4965,155.2429,29.4765
??? ??? ?????,2524,12/07/2017,Global,113.9758,400.8804,780.1447,1186.9204,1469.8948,1699.8115,1796.1014,1758.7645,1597.6263,1357.8841,1025.7822,642.5877,277.0791,43.2322
??? ??? ?????,2524,13/07/2017,Global,119.8711,377.2992,782.1098,1116.1768,1422.7324,1731.2531,1837.3685,1817.7175,1684.0907,1434.523,1092.5956,707.436,322.2764,49.1275
??? ??? ?????,2524,14/07/2017,Global,96.2899,383.1945,888.2252,1298.9311,1607.4518,1827.543,1931.6933,1908.1121,1774.4853,1522.9525,1190.8506,784.0749,369.4388,55.0228
??? ??? ?????,2524,15/07/2017,Global,153.2778,526.6468,949.1433,1346.0935,1658.5444,1872.7403,1976.8906,1963.1349,1825.5779,1574.0451,1218.362,805.691,373.369,49.1275
??? ??? ?????,2524,16/07/2017,Global,163.1033,542.3676,945.2131,1324.4774,1613.3471,1833.4383,1955.2745,1929.7282,1764.6598,1505.2666,1155.4788,762.4588,353.718,47.1624
??? ??? ?????,2524,17/07/2017,Global,121.8362,461.7985,882.3299,1226.2224,1511.1619,1729.288,1829.5081,1805.9269,1666.4048,1410.9418,1090.6305,709.4011,324.2415,47.1624
??? ??? ?????,2524,18/07/2017,Global,135.5919,459.8334,664.2038,1222.2922,1572.08,1811.8222,1912.0423,1888.4611,1758.7645,1522.9525,1184.9553,778.1796,308.5207,37.3369
??? ??? ?????,2524,19/07/2017,Global,125.7664,424.4616,835.1675,1118.1419,1422.7324,1790.2061,1764.6598,1912.0423,1737.1484,1473.825,1135.8278,721.1917,314.416,47.1624
??? ??? ?????,2524,20/07/2017,Global,108.0805,396.9502,520.7515,823.3769,1412.9069,1644.7887,1811.8222,1796.1014,1660.5095,1403.0814,1067.0493,675.9944,294.765,39.302
??? ??? ?????,2524,21/07/2017,Global,86.4644,457.8683,782.1098,1216.3969,1505.2666,1715.5323,1817.7175,1796.1014,1656.5793,1403.0814,1067.0493,668.134,288.8697,39.302
??? ??? ?????,2524,22/07/2017,Global,112.0107,387.1247,803.7259,1153.5137,1348.0586,1666.4048,1776.4504,1811.8222,1674.2652,1428.6277,1080.805,687.785,312.4509,41.2671
??? ??? ?????,2524,23/07/2017,Global,121.8362,444.1126,780.1447,1151.5486,1285.1754,1656.5793,1862.9148,1841.2987,1691.9511,1428.6277,1082.7701,679.9246,290.8348,39.302
??? ??? ?????,2524,24/07/2017,Global,104.1503,385.1596,734.9474,1155.4788,1444.3485,1739.1135,1843.2638,1811.8222,1652.6491,1401.1163,1021.852,638.6575,227.9516,25.5463
??? ??? ?????,2524,25/07/2017,Global,117.906,428.3918,758.5286,1200.6761,1517.0572,1731.2531,1833.4383,1827.543,1684.0907,1424.6975,1080.805,683.8548,292.7999,35.3718
??? ??? ?????,2524,26/07/2017,Global,112.0107,428.3918,801.7608,1171.1996,1495.4411,1719.4625,1837.3685,1821.6477,1666.4048,1375.57,1055.2587,662.2387,265.2885,33.4067
??? ??? ?????,2524,27/07/2017,Global,113.9758,306.5556,864.644,1216.3969,1485.6156,1717.4974,1827.543,1821.6477,1684.0907,1414.872,1065.0842,581.6696,265.2885,31.4416
??? ??? ?????,2524,28/07/2017,Global,86.4644,294.765,825.342,1232.1177,1566.1847,1778.4155,1874.7054,1815.7524,1686.0558,1424.6975,1033.6426,666.1689,271.1838,25.5463
??? ??? ?????,2524,29/07/2017,Global,143.4523,326.2066,813.5514,856.7836,1524.9176,1703.7417,1967.0651,1935.6235,1790.2061,1534.7431,1182.9902,772.2843,337.9972,25.5463
??? ??? ?????,2524,30/07/2017,Global,133.6268,497.1703,870.5393,1265.5244,1650.684,1829.5081,1933.6584,1914.0074,1766.6249,1503.3015,1153.5137,744.7729,330.1368,29.4765
??? ??? ?????,2524,31/07/2017,Global,117.906,479.4844,892.1554,1275.3499,1577.9753,1794.1363,1900.2517,1878.6356,1733.2182,1458.1042,1116.1768,713.3313,282.9744,21.6161
??? ??? ?????,2524,01/08/2017,Global,125.7664,393.02,919.6668,1226.2224,1554.3941,1774.4853,1876.6705,1851.1242,1701.7766,1450.2438,1110.2815,703.5058,306.5556,27.5114
??? ??? ?????,2524,02/08/2017,Global,123.8013,451.973,833.2024,1255.6989,1554.3941,1823.6128,1937.5886,1915.9725,1768.59,1505.2666,1141.7231,727.087,290.8348,17.6859
??? ??? ?????,2524,03/08/2017,Global,98.255,442.1475,736.9125,1029.7124,1462.0344,1719.4625,1915.9725,1919.9027,1752.8692,1465.9646,1074.9097,662.2387,269.2187,17.6859
??? ??? ?????,2524,04/08/2017,Global,90.3946,510.926,748.7031,1300.8962,1562.2545,1801.9967,1931.6933,1908.1121,1758.7645,1497.4062,1143.6882,731.0172,300.6603,15.7208
??? ??? ?????,2524,05/08/2017,Global,112.0107,469.6589,874.4695,960.9339,1568.1498,1831.4732,1931.6933,1910.0772,1772.5202,1503.3015,1137.7929,703.5058,277.0791,13.7557
??? ??? ?????,2524,06/08/2017,Global,104.1503,451.973,856.7836,1228.1875,1526.8827,1762.6947,1868.8101,1849.1591,1701.7766,1448.2787,1088.6654,679.9246,263.3234,13.7557
??? ??? ?????,2524,07/08/2017,Global,100.2201,428.3918,805.691,1312.6868,1511.1619,1745.0088,1860.9497,1833.4383,1676.2303,1407.0116,1037.5728,626.8669,218.1261,17.6859
??? ??? ?????,2524,08/08/2017,Global,108.0805,396.9502,430.3569,1126.0023,1548.4988,1772.5202,1882.5658,1851.1242,1701.7766,1430.5928,1067.0493,658.3085,243.6724,15.7208
??? ??? ?????,2524,09/08/2017,Global,88.4295,375.3341,575.7743,994.3406,1542.6035,1727.3229,1829.5081,1807.892,1664.4397,1393.2559,1039.5379,626.8669,204.3704,13.7557
??? ??? ?????,2524,10/08/2017,Global,66.8134,353.718,642.5877,876.4346,1442.3834,1709.637,1823.6128,1888.4611,1766.6249,1438.4532,1088.6654,679.9246,251.5328,9.8255
??? ??? ?????,2524,11/08/2017,Global,94.3248,422.4965,780.1447,746.738,878.3997,1634.9632,1868.8101,1837.3685,1678.1954,1414.872,1067.0493,644.5528,212.2308,9.8255
??? ??? ?????,2524,12/08/2017,Global,88.4295,426.4267,872.5044,1269.4546,1589.7659,1803.9618,1898.2866,1864.8799,1713.5672,1440.4183,1074.9097,640.6226,224.0214,9.8255
??? ??? ?????,2524,13/08/2017,Global,82.5342,408.7408,811.5863,860.7138,1330.3727,1615.3122,1739.1135,1798.0665,1644.7887,1369.6747,1029.7124,626.8669,222.0563,9.8255
??? ??? ?????,2524,14/08/2017,Global,56.9879,383.1945,611.1461,1045.4332,1322.5123,1741.0786,1803.9618,1807.892,1672.3001,1399.1512,1043.4681,613.1112,204.3704,7.8604
??? ??? ?????,2524,15/08/2017,Global,49.1275,396.9502,725.1219,1208.5365,1432.5579,1705.7068,1801.9967,1829.5081,1662.4746,1393.2559,1037.5728,622.9367,190.6147,7.8604
??? ??? ?????,2524,16/08/2017,Global,86.4644,275.114,675.9944,1120.107,1377.5351,1786.2759,1825.5779,1809.8571,1664.4397,1395.221,1033.6426,617.0414,210.2657,7.8604
??? ??? ?????,2524,17/08/2017,Global,55.0228,375.3341,780.1447,1149.5835,1436.4881,1597.6263,1827.543,1772.5202,1591.731,1308.7566,960.9339,567.9139,196.51,5.8953
??? ??? ?????,2524,18/08/2017,Global,72.7087,408.7408,825.342,929.4923,1465.9646,1768.59,1876.6705,1841.2987,1652.6491,1369.6747,1035.6077,624.9018,208.3006,5.8953
??? ??? ?????,2524,19/08/2017,Global,84.4993,408.7408,799.7957,1186.9204,1499.3713,1707.6719,1803.9618,1766.6249,1579.9404,1302.8613,968.7943,575.7743,190.6147,5.8953
??? ??? ?????,2524,20/08/2017,Global,60.9181,341.9274,734.9474,1126.0023,1430.5928,1638.8934,1743.0437,1709.637,1534.7431,1261.5942,935.3876,550.228,180.7892,7.8604
??? ??? ?????,2524,21/08/2017,Global,60.9181,355.6831,705.4709,949.1433,1332.3378,1670.335,1811.8222,1776.4504,1591.731,1275.3499,986.4802,583.6347,192.5798,5.8953
??? ??? ?????,2524,22/08/2017,Global,43.2322,371.4039,689.7501,998.2708,1489.5458,1623.1726,1703.7417,1501.3364,1731.2531,1399.1512,925.5621,430.3569,192.5798,3.9302
??? ??? ?????,2524,23/08/2017,Global,56.9879,404.8106,691.7152,874.4695,1416.8371,1760.7296,1845.2289,1815.7524,1660.5095,1393.2559,990.4104,579.7045,168.9986,3.9302
??? ??? ?????,2524,24/08/2017,Global,58.953,381.2294,801.7608,943.248,1218.362,1420.7673,1841.2987,1721.4276,1613.3471,1353.9539,994.3406,569.879,168.9986,3.9302
??? ??? ?????,2524,25/08/2017,Global,53.0577,339.9623,736.9125,915.7366,1202.6412,1660.5095,1748.939,1729.288,1572.08,1300.8962,935.3876,532.5421,161.1382,3.9302
??? ??? ?????,2524,26/08/2017,Global,47.1624,294.765,717.2615,1049.3634,1489.5458,1711.6021,1815.7524,1792.1712,1638.8934,1365.7445,992.3755,540.4025,135.5919,1.9651
??? ??? ?????,2524,27/08/2017,Global,55.0228,367.4737,835.1675,1045.4332,1487.5807,1695.8813,1798.0665,1784.3108,1629.0679,1355.919,978.6198,550.228,151.3127,1.9651
??? ??? ?????,2524,28/08/2017,Global,58.953,339.9623,736.9125,1049.3634,1479.7203,1721.4276,1817.7175,1778.4155,1652.6491,1387.3606,1004.1661,567.9139,157.208,1.9651
??? ??? ?????,2524,29/08/2017,Global,37.3369,253.4979,569.879,937.3527,1536.7082,1743.0437,1839.3336,1827.543,1664.4397,1393.2559,1006.1312,571.8441,153.2778,1.9651
??? ??? ?????,2524,30/08/2017,Global,53.0577,318.3462,817.4816,1112.2466,1515.0921,1737.1484,1843.2638,1813.7873,1650.684,1365.7445,990.4104,560.0535,147.3825,0
??? ??? ?????,2524,31/08/2017,Global,33.4067,214.1959,499.1354,1092.5956,1591.731,1640.8585,1640.8585,1801.9967,1576.0102,1348.0586,966.8292,544.3327,135.5919,0
??? ??? ?????,2524,01/09/2017,Global,45.1973,351.7529,764.4239,1065.0842,1245.8734,1711.6021,1849.1591,1758.7645,1442.3834,925.5621,620.9716,465.7287,94.3248,0
??? ??? ?????,2524,02/09/2017,Global,41.2671,341.9274,786.04,992.3755,1552.429,1737.1484,1807.892,1748.939,1589.7659,1304.8264,925.5621,514.8562,119.8711,0
??? ??? ?????,2524,03/09/2017,Global,37.3369,310.4858,666.1689,1065.0842,1359.8492,1640.8585,1729.288,1676.2303,1507.2317,1218.362,848.9232,438.2173,94.3248,0
??? ??? ?????,2524,04/09/2017,Global,31.4416,298.6952,526.6468,886.2601,1126.0023,1691.9511,1756.7994,1711.6021,1532.778,1259.6291,892.1554,477.5193,82.5342,0
??? ??? ?????,2524,05/09/2017,Global,37.3369,320.3113,705.4709,1080.805,1418.8022,1648.7189,1758.7645,1717.4974,1540.6384,1261.5942,890.1903,465.7287,100.2201,0
??? ??? ?????,2524,06/09/2017,Global,31.4416,282.9744,675.9944,962.899,1420.7673,1713.5672,1815.7524,1792.1712,1613.3471,1318.5821,937.3527,503.0656,102.1852,0
??? ??? ?????,2524,07/09/2017,Global,33.4067,334.067,774.2494,1171.1996,1458.1042,1717.4974,1807.892,1770.5551,1611.382,1326.4425,945.2131,505.0307,96.2899,0
??? ??? ?????,2524,08/09/2017,Global,29.4765,330.1368,750.6682,1145.6533,1462.0344,1668.3699,1756.7994,1699.8115,1517.0572,1222.2922,843.0279,430.3569,80.5691,0
??? ??? ?????,2524,09/09/2017,Global,25.5463,239.7422,562.0186,839.0977,1216.3969,1405.0465,1735.1833,1650.684,1200.6761,1192.8157,805.691,402.8455,72.7087,0
??? ??? ?????,2524,10/09/2017,Global,29.4765,279.0442,740.8427,1126.0023,1387.3606,1623.1726,1727.3229,1684.0907,1507.2317,1224.2573,846.9581,430.3569,76.6389,0
??? ??? ?????,2524,11/09/2017,Global,27.5114,308.5207,717.2615,1112.2466,1412.9069,1619.2424,1717.4974,1684.0907,1513.127,1230.1526,843.0279,424.4616,74.6738,0
??? ??? ?????,2524,12/09/2017,Global,23.5812,324.2415,719.2266,1129.9325,1448.2787,1656.5793,1772.5202,1725.3578,1548.4988,1245.8734,860.7138,432.322,66.8134,0
??? ??? ?????,2524,13/09/2017,Global,25.5463,243.6724,487.3448,1078.8399,1385.3955,1595.6612,1699.8115,1654.6142,1483.6505,1188.8855,811.5863,389.0898,58.953,0
??? ??? ?????,2524,14/09/2017,Global,25.5463,257.4281,597.3904,852.8534,1316.617,1410.9418,1621.2075,1568.1498,1265.5244,1041.503,748.7031,316.3811,49.1275,0
??? ??? ?????,2524,15/09/2017,Global,3.9302,55.0228,196.51,326.2066,597.3904,793.9004,1434.523,1562.2545,1475.7901,1165.3043,715.2964,367.4737,41.2671,0
??? ??? ?????,2524,16/09/2017,Global,25.5463,277.0791,697.6105,996.3057,1224.2573,1442.3834,1650.684,1570.1149,1387.3606,1137.7929,805.691,389.0898,45.1973,0
??? ??? ?????,2524,17/09/2017,Global,23.5812,316.3811,587.5649,854.8185,1259.6291,1605.4867,1689.986,1636.9283,1448.2787,1153.5137,768.3541,349.7878,39.302,0
??? ??? ?????,2524,18/09/2017,Global,23.5812,298.6952,691.7152,1067.0493,1322.5123,1593.6961,1674.2652,1613.3471,1430.5928,1139.758,756.5635,341.9274,39.302,0
??? ??? ?????,2524,19/09/2017,Global,21.6161,265.2885,660.2736,1063.1191,1367.7096,1558.3243,1656.5793,1601.5565,1403.0814,1090.6305,699.5756,281.0093,31.4416,0
??? ??? ?????,2524,20/09/2017,Global,25.5463,147.3825,404.8106,945.2131,731.0172,1216.3969,1629.0679,1554.3941,1440.4183,1141.7231,754.5984,328.1717,33.4067,0
??? ??? ?????,2524,21/09/2017,Global,21.6161,255.463,640.6226,1023.8171,1324.4774,1517.0572,1591.731,1493.476,1310.7217,1069.0144,693.6803,316.3811,29.4765,0
??? ??? ?????,2524,22/09/2017,Global,21.6161,253.4979,530.577,744.7729,772.2843,1122.0721,1328.4076,1275.3499,1438.4532,915.7366,652.4132,253.4979,27.5114,0
??? ??? ?????,2524,23/09/2017,Global,19.651,255.463,644.5528,990.4104,1403.0814,1597.6263,1632.9981,1577.9753,1391.2908,1102.4211,729.0521,316.3811,27.5114,0
??? ??? ?????,2524,24/09/2017,Global,13.7557,214.1959,538.4374,913.7715,1275.3499,1544.5686,1725.3578,1540.6384,1403.0814,1129.9325,677.9595,310.4858,23.5812,0
??? ??? ?????,2524,25/09/2017,Global,17.6859,261.3583,674.0293,900.0158,1324.4774,1442.3834,1577.9753,1562.2545,1369.6747,1070.9795,681.8897,224.0214,21.6161,0
??? ??? ?????,2524,26/09/2017,Global,13.7557,233.8469,542.3676,736.9125,1065.0842,1291.0707,1552.429,1458.1042,1403.0814,1078.8399,619.0065,227.9516,21.6161,0
??? ??? ?????,2524,27/09/2017,Global,13.7557,263.3234,679.9246,1076.8748,1279.2801,1530.8129,1686.0558,1528.8478,1387.3606,1116.1768,731.0172,300.6603,13.7557,0
??? ??? ?????,2524,28/09/2017,Global,11.7906,279.0442,687.785,1055.2587,1222.2922,1387.3606,1644.7887,1595.6612,1422.7324,1122.0721,727.087,304.5905,13.7557,0
??? ??? ?????,2524,29/09/2017,Global,11.7906,275.114,666.1689,935.3876,1149.5835,1522.9525,1634.9632,1581.9055,1306.7915,835.1675,650.4481,180.7892,15.7208,0
??? ??? ?????,2524,30/09/2017,Global,15.7208,184.7194,615.0763,778.1796,1008.0963,1544.5686,1397.1861,1587.8008,1361.8143,1096.5258,701.5407,277.0791,11.7906,0
??? ??? ?????,2524,01/10/2017,Global,13.7557,255.463,668.134,1059.1889,1344.1284,1558.3243,1611.382,1552.429,1351.9888,1031.6775,650.4481,241.7073,11.7906,0
??? ??? ?????,2524,02/10/2017,Global,13.7557,231.8818,617.0414,980.5849,1267.4895,1473.825,1542.6035,1495.4411,1326.4425,1013.9916,634.7273,225.9865,7.8604,0
??? ??? ?????,2524,03/10/2017,Global,11.7906,214.1959,636.6924,638.6575,1273.3848,1544.5686,1615.3122,1558.3243,1361.8143,1049.3634,660.2736,225.9865,7.8604,0
??? ??? ?????,2524,04/10/2017,Global,9.8255,267.2536,650.4481,764.4239,978.6198,1265.5244,1607.4518,1542.6035,1350.0237,1045.4332,658.3085,239.7422,5.8953,0
??? ??? ?????,2524,05/10/2017,Global,9.8255,237.7771,644.5528,964.8641,1131.8976,1554.3941,1603.5216,1534.7431,1306.7915,1055.2587,562.0186,202.4053,3.9302,0
??? ??? ?????,2524,06/10/2017,Global,9.8255,237.7771,624.9018,1027.7473,1074.9097,1577.9753,1589.7659,1499.3713,1306.7915,1002.201,620.9716,222.0563,5.8953,0
??? ??? ?????,2524,07/10/2017,Global,11.7906,225.9865,615.0763,982.55,1269.4546,1454.174,1524.9176,1462.0344,1275.3499,966.8292,587.5649,194.5449,5.8953,0
??? ??? ?????,2524,08/10/2017,Global,7.8604,194.5449,567.9139,921.6319,1069.0144,1175.1298,1387.3606,921.6319,886.2601,786.04,446.0777,139.5221,9.8255,0
??? ??? ?????,2524,09/10/2017,Global,7.8604,167.0335,534.5072,206.3355,204.3704,450.0079,440.1824,823.3769,811.5863,595.4253,530.577,131.6617,1.9651,0
??? ??? ?????,2524,10/10/2017,Global,7.8604,104.1503,611.1461,825.342,986.4802,1320.5472,1550.4639,1536.7082,1202.6412,1015.9567,619.0065,192.5798,1.9651,0
??? ??? ?????,2524,11/10/2017,Global,9.8255,194.5449,339.9623,699.5756,1179.06,1236.0479,1699.8115,1395.221,1298.9311,990.4104,587.5649,184.7194,3.9302,0
??? ??? ?????,2524,12/10/2017,Global,5.8953,233.8469,617.0414,994.3406,1234.0828,1338.2331,1509.1968,1475.7901,1273.3848,957.0037,565.9488,176.859,1.9651,0
??? ??? ?????,2524,13/10/2017,Global,7.8604,224.0214,626.8669,996.3057,905.9111,1503.3015,1579.9404,1487.5807,1279.2801,966.8292,571.8441,168.9986,1.9651,0
??? ??? ?????,2524,14/10/2017,Global,5.8953,66.8134,318.3462,937.3527,1188.8855,1359.8492,1550.4639,1477.7552,1269.4546,943.248,558.0884,168.9986,1.9651,0
??? ??? ?????,2524,15/10/2017,Global,5.8953,182.7543,593.4602,970.7594,1271.4197,1465.9646,1528.8478,1458.1042,1247.8385,937.3527,560.0535,163.1033,1.9651,0
??? ??? ?????,2524,16/10/2017,Global,5.8953,94.3248,567.9139,962.899,1228.1875,1029.7124,811.5863,697.6105,1147.6184,909.8413,538.4374,147.3825,0,0
??? ??? ?????,2524,17/10/2017,Global,3.9302,167.0335,528.6119,896.0856,1169.2345,1336.268,1405.0465,1338.2331,1147.6184,860.7138,495.2052,131.6617,0,0
??? ??? ?????,2524,18/10/2017,Global,3.9302,174.8939,552.1931,917.7017,1188.8855,1353.9539,1416.8371,1340.1982,1135.8278,835.1675,463.7636,113.9758,0,0
??? ??? ?????,2524,19/10/2017,Global,3.9302,151.3127,503.0656,860.7138,1161.3741,1330.3727,1361.8143,1300.8962,1108.3164,803.7259,438.2173,104.1503,0,0
??? ??? ?????,2524,20/10/2017,Global,1.9651,135.5919,428.3918,803.7259,797.8306,913.7715,1397.1861,1273.3848,1086.7003,815.5165,442.1475,90.3946,0,0
??? ??? ?????,2524,21/10/2017,Global,3.9302,125.7664,416.6012,709.4011,821.4118,1129.9325,1493.476,1171.1996,1126.0023,821.4118,446.0777,102.1852,0,0
??? ??? ?????,2524,22/10/2017,Global,1.9651,141.4872,487.3448,514.8562,729.0521,1210.5016,1463.9995,1357.8841,1102.4211,848.9232,467.6938,112.0107,0,0
??? ??? ?????,2524,23/10/2017,Global,1.9651,176.859,546.2978,911.8064,1182.9902,1216.3969,1359.8492,1312.6868,1102.4211,797.8306,432.322,100.2201,0,0
??? ??? ?????,2524,24/10/2017,Global,3.9302,161.1382,526.6468,789.9702,894.1205,966.8292,1198.711,1346.0935,1143.6882,833.2024,457.8683,100.2201,0,0
??? ??? ?????,2524,25/10/2017,Global,1.9651,131.6617,483.4146,854.8185,1147.6184,1320.5472,1365.7445,1340.1982,1159.409,854.8185,465.7287,104.1503,0,0
??? ??? ?????,2524,26/10/2017,Global,1.9651,159.1731,526.6468,896.0856,1184.9553,1361.8143,1432.5579,1348.0586,1131.8976,821.4118,444.1126,90.3946,0,0
??? ??? ?????,2524,27/10/2017,Global,1.9651,133.6268,479.4844,839.0977,1129.9325,1316.617,1381.4653,1326.4425,1126.0023,817.4816,434.2871,82.5342,0,0
??? ??? ?????,2524,28/10/2017,Global,0,45.1973,153.2778,552.1931,788.0051,707.436,962.899,900.0158,648.483,768.3541,455.9032,86.4644,0,0
??? ??? ?????,2524,29/10/2017,Global,1.9651,129.6966,475.5542,837.1326,1133.8627,1306.7915,1346.0935,1300.8962,1110.2815,803.7259,426.4267,80.5691,0,0
??? ??? ?????,2524,30/10/2017,Global,0,98.255,479.4844,286.9046,436.2522,742.8078,687.785,721.1917,723.1568,469.6589,410.7059,70.7436,0,0
??? ??? ?????,2524,31/10/2017,Global,1.9651,82.5342,467.6938,835.1675,1027.7473,1017.9218,960.9339,288.8697,727.087,607.2159,233.8469,55.0228,0,0
??? ??? ?????,2524,01/11/2017,Global,0,112.0107,477.5193,829.2722,1171.1996,1104.3862,1387.3606,1306.7915,1124.0372,799.7957,394.9851,64.8483,0,0
??? ??? ?????,2524,02/11/2017,Global,0,72.7087,300.6603,760.4937,827.3071,858.7487,1171.1996,1295.0009,1074.9097,782.1098,408.7408,64.8483,0,0
??? ??? ?????,2524,03/11/2017,Global,0,115.9409,477.5193,835.1675,1106.3513,1306.7915,1342.1633,1263.5593,1067.0493,764.4239,394.9851,56.9879,0,0
??? ??? ?????,2524,04/11/2017,Global,0,129.6966,461.7985,815.5165,1106.3513,1291.0707,1291.0707,1261.5942,1049.3634,744.7729,383.1945,51.0926,0,0
??? ??? ?????,2524,05/11/2017,Global,0,98.255,422.4965,768.3541,874.4695,978.6198,986.4802,1222.2922,1025.7822,725.1219,375.3341,53.0577,0,0
??? ??? ?????,2524,06/11/2017,Global,0,110.0456,416.6012,424.4616,756.5635,927.5272,1120.107,1236.0479,1039.5379,732.9823,334.067,43.2322,0,0
??? ??? ?????,2524,07/11/2017,Global,0,100.2201,438.2173,778.1796,1029.7124,1188.8855,1106.3513,1210.5016,998.2708,711.3662,336.0321,60.9181,0,0
??? ??? ?????,2524,08/11/2017,Global,0,68.7785,361.5784,699.5756,968.7943,681.8897,375.3341,797.8306,968.7943,620.9716,302.6254,41.2671,0,0
??? ??? ?????,2524,09/11/2017,Global,0,110.0456,231.8818,677.9595,729.0521,709.4011,900.0158,1224.2573,1035.6077,734.9474,365.5086,45.1973,0,0
??? ??? ?????,2524,10/11/2017,Global,0,106.1154,418.5663,766.389,1049.3634,1222.2922,1293.0358,1230.1526,1027.7473,727.087,355.6831,43.2322,0,0
??? ??? ?????,2524,11/11/2017,Global,0,80.5691,410.7059,750.6682,966.8292,1196.7459,1310.7217,1226.2224,1031.6775,731.0172,353.718,45.1973,0,0
??? ??? ?????,2524,12/11/2017,Global,0,90.3946,381.2294,731.0172,1004.1661,1184.9553,1059.1889,986.4802,656.3434,444.1126,208.3006,27.5114,0,0
??? ??? ?????,2524,13/11/2017,Global,0,88.4295,322.2764,473.5891,921.6319,707.436,569.879,843.0279,821.4118,471.624,288.8697,39.302,0,0
??? ??? ?????,2524,14/11/2017,Global,0,58.953,282.9744,550.228,907.8762,1129.9325,1177.0949,1104.3862,951.1084,675.9944,284.9395,19.651,0,0
??? ??? ?????,2524,15/11/2017,Global,0,64.8483,373.369,732.9823,1017.9218,1204.6063,1239.9781,1179.06,974.6896,674.0293,316.3811,37.3369,0,0
??? ??? ?????,2524,16/11/2017,Global,0,58.953,281.0093,683.8548,976.6547,1151.5486,1214.4318,1124.0372,933.4225,656.3434,294.765,31.4416,0,0
??? ??? ?????,2524,17/11/2017,Global,0,49.1275,290.8348,699.5756,1002.201,1161.3741,1196.7459,1124.0372,923.597,642.5877,296.7301,31.4416,0,0
??? ??? ?????,2524,18/11/2017,Global,0,49.1275,302.6254,552.1931,888.2252,886.2601,668.134,640.6226,579.7045,418.5663,196.51,25.5463,0,0
??? ??? ?????,2524,19/11/2017,Global,0,35.3718,290.8348,599.3555,939.3178,505.0307,1045.4332,1035.6077,731.0172,522.7166,225.9865,17.6859,0,0
??? ??? ?????,2524,20/11/2017,Global,0,55.0228,345.8576,677.9595,892.1554,862.6789,1061.154,1163.3392,929.4923,658.3085,229.9167,29.4765,0,0
??? ??? ?????,2524,21/11/2017,Global,0,15.7208,155.2429,184.7194,210.2657,139.5221,139.5221,365.5086,326.2066,310.4858,117.906,25.5463,0,0
??? ??? ?????,2524,22/11/2017,Global,0,15.7208,113.9758,508.9609,835.1675,799.7957,1015.9567,903.946,609.181,603.2857,174.8939,15.7208,0,0
??? ??? ?????,2524,23/11/2017,Global,0,51.0926,127.7315,717.2615,929.4923,1141.7231,571.8441,306.5556,202.4053,453.9381,259.3932,25.5463,0,0
??? ??? ?????,2524,24/11/2017,Global,0,33.4067,239.7422,428.3918,216.161,450.0079,1057.2238,1169.2345,746.738,713.3313,159.1731,11.7906,0,0
??? ??? ?????,2524,25/11/2017,Global,0,43.2322,245.6375,611.1461,534.5072,750.6682,603.2857,805.691,670.0991,471.624,281.0093,25.5463,0,0
??? ??? ?????,2524,26/11/2017,Global,0,37.3369,298.6952,642.5877,925.5621,1094.5607,1157.4439,1002.201,915.7366,648.483,290.8348,31.4416,0,0
??? ??? ?????,2524,27/11/2017,Global,0,27.5114,290.8348,518.7864,923.597,760.4937,1177.0949,864.644,595.4253,200.4402,167.0335,29.4765,0,0
??? ??? ?????,2524,28/11/2017,Global,0,33.4067,267.2536,619.0065,878.3997,1080.805,1118.1419,1031.6775,888.2252,607.2159,267.2536,21.6161,0,0
??? ??? ?????,2524,29/11/2017,Global,0,29.4765,286.9046,524.6817,292.7999,774.2494,1192.8157,958.9688,707.436,619.0065,174.8939,27.5114,0,0
??? ??? ?????,2524,30/11/2017,Global,0,23.5812,214.1959,670.0991,943.248,892.1554,974.6896,1078.8399,913.7715,615.0763,261.3583,21.6161,0,0
??? ??? ?????,2524,01/12/2017,Global,0,31.4416,261.3583,628.832,927.5272,1098.4909,1135.8278,1069.0144,890.1903,603.2857,265.2885,21.6161,0,0
??? ??? ?????,2524,02/12/2017,Global,0,27.5114,277.0791,622.9367,911.8064,1100.456,1165.3043,1096.5258,896.0856,613.1112,269.2187,21.6161,0,0
??? ??? ?????,2524,03/12/2017,Global,0,31.4416,300.6603,644.5528,925.5621,1106.3513,1149.5835,1098.4909,933.4225,646.5179,286.9046,21.6161,0,0
??? ??? ?????,2524,04/12/2017,Global,0,31.4416,279.0442,662.2387,943.248,1124.0372,1182.9902,1139.758,953.0735,650.4481,290.8348,21.6161,0,0
??? ??? ?????,2524,05/12/2017,Global,0,21.6161,184.7194,351.7529,644.5528,978.6198,970.7594,677.9595,697.6105,282.9744,168.9986,13.7557,0,0
??? ??? ?????,2524,06/12/2017,Global,0,3.9302,39.302,86.4644,172.9288,161.1382,168.9986,736.9125,432.322,442.1475,235.812,21.6161,0,0
??? ??? ?????,2524,07/12/2017,Global,0,31.4416,137.557,428.3918,931.4574,951.1084,778.1796,882.3299,738.8776,693.6803,284.9395,23.5812,0,0
??? ??? ?????,2524,08/12/2017,Global,0,27.5114,218.1261,617.0414,903.946,1094.5607,1065.0842,844.993,919.6668,640.6226,300.6603,15.7208,0,0
??? ??? ?????,2524,09/12/2017,Global,0,21.6161,243.6724,642.5877,903.946,1110.2815,1177.0949,1116.1768,943.248,646.5179,231.8818,15.7208,0,0
??? ??? ?????,2524,10/12/2017,Global,0,17.6859,251.5328,581.6696,835.1675,955.0386,874.4695,756.5635,626.8669,563.9837,247.6026,19.651,0,0
??? ??? ?????,2524,11/12/2017,Global,0,21.6161,145.4174,534.5072,597.3904,1010.0614,1192.8157,1096.5258,848.9232,522.7166,198.4751,25.5463,0,0
??? ??? ?????,2524,12/12/2017,Global,0,25.5463,247.6026,544.3327,878.3997,1094.5607,1135.8278,774.2494,585.5998,463.7636,157.208,13.7557,0,0
??? ??? ?????,2524,13/12/2017,Global,0,3.9302,96.2899,261.3583,624.9018,884.295,603.2857,357.6482,308.5207,308.5207,127.7315,11.7906,0,0
??? ??? ?????,2524,14/12/2017,Global,0,9.8255,149.3476,554.1582,839.0977,1065.0842,679.9246,1080.805,807.6561,565.9488,257.4281,13.7557,0,0
??? ??? ?????,2524,15/12/2017,Global,0,9.8255,222.0563,556.1233,844.993,876.4346,601.3206,1059.1889,907.8762,622.9367,292.7999,23.5812,0,0
??? ??? ?????,2524,16/12/2017,Global,0,13.7557,174.8939,554.1582,843.0279,1035.6077,1106.3513,1027.7473,856.7836,593.4602,277.0791,25.5463,0,0
??? ??? ?????,2524,17/12/2017,Global,0,11.7906,216.161,467.6938,817.4816,1012.0265,1065.0842,1041.503,839.0977,558.0884,210.2657,27.5114,0,0
??? ??? ?????,2524,18/12/2017,Global,0,3.9302,88.4295,233.8469,469.6589,367.4737,636.6924,901.9809,731.0172,267.2536,216.161,9.8255,0,0
??? ??? ?????,2524,19/12/2017,Global,0,5.8953,66.8134,243.6724,563.9837,807.6561,674.0293,524.6817,609.181,318.3462,135.5919,11.7906,0,0
??? ??? ?????,2524,20/12/2017,Global,0,7.8604,151.3127,294.765,451.973,536.4723,520.7515,451.973,353.718,259.3932,123.8013,15.7208,0,0
??? ??? ?????,2524,21/12/2017,Global,0,3.9302,100.2201,377.2992,658.3085,436.2522,400.8804,416.6012,343.8925,239.7422,145.4174,19.651,0,0
??? ??? ?????,2524,22/12/2017,Global,0,5.8953,112.0107,292.7999,467.6938,528.6119,762.4588,587.5649,489.3099,229.9167,163.1033,17.6859,0,0
??? ??? ?????,2524,23/12/2017,Global,0,5.8953,108.0805,188.6496,369.4388,385.1596,540.4025,607.2159,530.577,341.9274,174.8939,21.6161,0,0
??? ??? ?????,2524,24/12/2017,Global,0,3.9302,64.8483,322.2764,652.4132,402.8455,536.4723,446.0777,62.8832,186.6845,117.906,3.9302,0,0
??? ??? ?????,2524,25/12/2017,Global,0,3.9302,121.8362,275.114,387.1247,697.6105,1086.7003,929.4923,803.7259,780.1447,294.765,45.1973,0,0
??? ??? ?????,2524,26/12/2017,Global,0,3.9302,290.8348,581.6696,868.5742,1070.9795,1149.5835,1110.2815,947.1782,687.785,349.7878,33.4067,0,0
??? ??? ?????,2524,27/12/2017,Global,0,3.9302,147.3825,512.8911,852.8534,1078.8399,1112.2466,705.4709,630.7971,288.8697,184.7194,25.5463,0,0
??? ??? ?????,2524,28/12/2017,Global,0,7.8604,135.5919,387.1247,624.9018,524.6817,662.2387,552.1931,422.4965,292.7999,115.9409,13.7557,0,0
??? ??? ?????,2524,29/12/2017,Global,0,0,27.5114,112.0107,257.4281,369.4388,367.4737,365.5086,609.181,479.4844,206.3355,29.4765,0,0
??? ??? ?????,2524,30/12/2017,Global,0,3.9302,143.4523,180.7892,446.0777,736.9125,788.0051,675.9944,786.04,654.3783,328.1717,45.1973,0,0
??? ??? ?????,2524,31/12/2017,Global,0,5.8953,115.9409,290.8348,691.7152,668.134,1090.6305,1078.8399,947.1782,510.926,343.8925,31.4416,0,0
